fund,quarter,sector,weight
AC,2009Q4,Consumer Discretionary,0.1841
AC,2009Q4,Financials,0.3982
AC,2009Q4,Industrials,0.0029
AC,2009Q4,Real Estate,0.2942
AC,2009Q4,Unknown,0.1165
AC,2010Q1,Consumer Discretionary,0.2324
AC,2010Q1,Consumer Staples,0.027200000000000002
AC,2010Q1,Financials,0.3759
AC,2010Q1,Real Estate,0.2351
AC,2010Q1,Unknown,0.0797
AC,2010Q2,Consumer Discretionary,0.2185
AC,2010Q2,Consumer Staples,0.07629999999999999
AC,2010Q2,Financials,0.3372
AC,2010Q2,Real Estate,0.2266
AC,2010Q2,Unknown,0.0641
AC,2010Q3,Consumer Discretionary,0.224
AC,2010Q3,Consumer Staples,0.0789
AC,2010Q3,Financials,0.3379
AC,2010Q3,Real Estate,0.25
AC,2010Q3,Unknown,0.0477
AC,2010Q4,Consumer Discretionary,0.2203
AC,2010Q4,Consumer Staples,0.07519999999999999
AC,2010Q4,Financials,0.3609
AC,2010Q4,Healthcare,0.0092
AC,2010Q4,Real Estate,0.253
AC,2010Q4,Unknown,0.0335
AC,2011Q1,Consumer Discretionary,0.2276
AC,2011Q1,Consumer Staples,0.0797
AC,2011Q1,Financials,0.3612
AC,2011Q1,Healthcare,0.008
AC,2011Q1,Real Estate,0.24639999999999998
AC,2011Q1,Unknown,0.0376
AC,2011Q2,Consumer Discretionary,0.263
AC,2011Q2,Consumer Staples,0.0886
AC,2011Q2,Financials,0.3596
AC,2011Q2,Healthcare,0.0157
AC,2011Q2,Real Estate,0.2098
AC,2011Q2,Unknown,0.0252
AC,2011Q3,Consumer Discretionary,0.2595
AC,2011Q3,Consumer Staples,0.1015
AC,2011Q3,Financials,0.4142
AC,2011Q3,Healthcare,0.0069
AC,2011Q3,Real Estate,0.1908
AC,2011Q4,Consumer Discretionary,0.2668
AC,2011Q4,Consumer Staples,0.09699999999999999
AC,2011Q4,Financials,0.4163
AC,2011Q4,Healthcare,0.0059
AC,2011Q4,Real Estate,0.1885
AC,2012Q1,Consumer Discretionary,0.2424
AC,2012Q1,Consumer Staples,0.0727
AC,2012Q1,Financials,0.46199999999999997
AC,2012Q1,Real Estate,0.1642
AC,2012Q2,Communication Services,0.0489
AC,2012Q2,Consumer Discretionary,0.2043
AC,2012Q2,Consumer Staples,0.06559999999999999
AC,2012Q2,Financials,0.45399999999999996
AC,2012Q2,Real Estate,0.1436
AC,2012Q2,Technology,0.0165
AC,2012Q3,Communication Services,0.0414
AC,2012Q3,Consumer Discretionary,0.1671
AC,2012Q3,Consumer Staples,0.0576
AC,2012Q3,Financials,0.483
AC,2012Q3,Industrials,0.0291
AC,2012Q3,Real Estate,0.1369
AC,2012Q3,Technology,0.018500000000000003
AC,2012Q4,Communication Services,0.0358
AC,2012Q4,Consumer Discretionary,0.1276
AC,2012Q4,Consumer Staples,0.06570000000000001
AC,2012Q4,Financials,0.4974
AC,2012Q4,Healthcare,0.0352
AC,2012Q4,Industrials,0.0291
AC,2012Q4,Real Estate,0.13640000000000002
AC,2012Q4,Technology,0.0134
AC,2013Q1,Communication Services,0.0513
AC,2013Q1,Consumer Discretionary,0.11430000000000001
AC,2013Q1,Consumer Staples,0.068
AC,2013Q1,Financials,0.46
AC,2013Q1,Healthcare,0.0426
AC,2013Q1,Industrials,0.0279
AC,2013Q1,Real Estate,0.0934
AC,2013Q1,Technology,0.0218
AC,2013Q1,Unknown,0.0317
AC,2013Q2,Communication Services,0.1139
AC,2013Q2,Consumer Discretionary,0.0897
AC,2013Q2,Consumer Staples,0.0558
AC,2013Q2,Financials,0.4609
AC,2013Q2,Healthcare,0.09210000000000002
AC,2013Q2,Industrials,0.0216
AC,2013Q2,Real Estate,0.0633
AC,2013Q2,Technology,0.016399999999999998
AC,2013Q2,Unknown,0.0217
AC,2013Q3,Communication Services,0.0692
AC,2013Q3,Consumer Discretionary,0.0925
AC,2013Q3,Consumer Staples,0.0592
AC,2013Q3,Financials,0.4673
AC,2013Q3,Healthcare,0.09449999999999999
AC,2013Q3,Industrials,0.0222
AC,2013Q3,Real Estate,0.08960000000000001
AC,2013Q3,Technology,0.018500000000000003
AC,2013Q3,Unknown,0.030900000000000004
AC,2013Q4,Communication Services,0.0462
AC,2013Q4,Consumer Discretionary,0.0896
AC,2013Q4,Consumer Staples,0.061200000000000004
AC,2013Q4,Financials,0.4735
AC,2013Q4,Healthcare,0.0998
AC,2013Q4,Industrials,0.0195
AC,2013Q4,Real Estate,0.11309999999999999
AC,2013Q4,Technology,0.0189
AC,2013Q4,Unknown,0.0173
AC,2014Q1,Communication Services,0.0443
AC,2014Q1,Consumer Discretionary,0.07650000000000001
AC,2014Q1,Consumer Staples,0.0499
AC,2014Q1,Financials,0.3987
AC,2014Q1,Healthcare,0.11800000000000001
AC,2014Q1,Industrials,0.0154
AC,2014Q1,Real Estate,0.1468
AC,2014Q1,Technology,0.015700000000000002
AC,2014Q1,Unknown,0.0589
AC,2014Q2,Communication Services,0.0458
AC,2014Q2,Consumer Discretionary,0.0361
AC,2014Q2,Consumer Staples,0.0554
AC,2014Q2,Financials,0.3977
AC,2014Q2,Healthcare,0.1468
AC,2014Q2,Industrials,0.013999999999999999
AC,2014Q2,Real Estate,0.14150000000000001
AC,2014Q2,Technology,0.0464
AC,2014Q2,Unknown,0.0756
AC,2014Q3,Communication Services,0.0435
AC,2014Q3,Consumer Discretionary,0.0683
AC,2014Q3,Consumer Staples,0.0557
AC,2014Q3,Financials,0.38280000000000003
AC,2014Q3,Healthcare,0.1251
AC,2014Q3,Industrials,0.0139
AC,2014Q3,Real Estate,0.1452
AC,2014Q3,Technology,0.0637
AC,2014Q3,Unknown,0.060899999999999996
AC,2014Q4,Communication Services,0.043899999999999995
AC,2014Q4,Consumer Discretionary,0.0945
AC,2014Q4,Consumer Staples,0.0652
AC,2014Q4,Financials,0.389
AC,2014Q4,Healthcare,0.1132
AC,2014Q4,Industrials,0.013600000000000001
AC,2014Q4,Real Estate,0.1403
AC,2014Q4,Technology,0.061900000000000004
AC,2014Q4,Unknown,0.0513
AC,2015Q1,Communication Services,0.04019999999999999
AC,2015Q1,Consumer Discretionary,0.0986
AC,2015Q1,Consumer Staples,0.0694
AC,2015Q1,Financials,0.3992
AC,2015Q1,Healthcare,0.1054
AC,2015Q1,Industrials,0.0191
AC,2015Q1,Real Estate,0.1338
AC,2015Q1,Technology,0.07150000000000001
AC,2015Q1,Unknown,0.0358
AC,2015Q2,Communication Services,0.0421
AC,2015Q2,Consumer Discretionary,0.0963
AC,2015Q2,Consumer Staples,0.06860000000000001
AC,2015Q2,Financials,0.4073
AC,2015Q2,Healthcare,0.09710000000000002
AC,2015Q2,Industrials,0.0354
AC,2015Q2,Real Estate,0.154
AC,2015Q2,Technology,0.0747
AC,2015Q3,Communication Services,0.0354
AC,2015Q3,Consumer Discretionary,0.1286
AC,2015Q3,Consumer Staples,0.06509999999999999
AC,2015Q3,Financials,0.3915
AC,2015Q3,Healthcare,0.0796
AC,2015Q3,Industrials,0.037200000000000004
AC,2015Q3,Real Estate,0.1638
AC,2015Q3,Technology,0.0711
AC,2015Q4,Consumer Discretionary,0.1325
AC,2015Q4,Consumer Staples,0.0728
AC,2015Q4,Financials,0.4092
AC,2015Q4,Healthcare,0.07
AC,2015Q4,Industrials,0.0447
AC,2015Q4,Real Estate,0.1804
AC,2015Q4,Technology,0.0768
AC,2016Q1,Consumer Discretionary,0.1417
AC,2016Q1,Consumer Staples,0.0738
AC,2016Q1,Financials,0.4011
AC,2016Q1,Healthcare,0.07690000000000001
AC,2016Q1,Industrials,0.0441
AC,2016Q1,Real Estate,0.1779
AC,2016Q1,Technology,0.0702
AC,2016Q2,Consumer Discretionary,0.1442
AC,2016Q2,Consumer Staples,0.0779
AC,2016Q2,Financials,0.39339999999999997
AC,2016Q2,Healthcare,0.0582
AC,2016Q2,Industrials,0.0426
AC,2016Q2,Real Estate,0.1825
AC,2016Q2,Technology,0.08159999999999999
AC,2016Q3,Consumer Discretionary,0.139
AC,2016Q3,Consumer Staples,0.0643
AC,2016Q3,Financials,0.4071
AC,2016Q3,Healthcare,0.060200000000000004
AC,2016Q3,Industrials,0.0409
AC,2016Q3,Real Estate,0.17970000000000003
AC,2016Q3,Technology,0.0907
AC,2016Q4,Consumer Discretionary,0.1406
AC,2016Q4,Consumer Staples,0.0805
AC,2016Q4,Financials,0.3989
AC,2016Q4,Healthcare,0.0552
AC,2016Q4,Industrials,0.038900000000000004
AC,2016Q4,Real Estate,0.1786
AC,2016Q4,Technology,0.0817
AC,2017Q1,Consumer Discretionary,0.1189
AC,2017Q1,Consumer Staples,0.0721
AC,2017Q1,Financials,0.4369
AC,2017Q1,Healthcare,0.0542
AC,2017Q1,Industrials,0.0349
AC,2017Q1,Real Estate,0.18469999999999998
AC,2017Q1,Technology,0.07600000000000001
AC,2017Q2,Consumer Discretionary,0.1267
AC,2017Q2,Consumer Staples,0.0591
AC,2017Q2,Financials,0.4627
AC,2017Q2,Healthcare,0.0229
AC,2017Q2,Industrials,0.0361
AC,2017Q2,Real Estate,0.20260000000000003
AC,2017Q2,Technology,0.0825
AC,2017Q3,Consumer Discretionary,0.1472
AC,2017Q3,Consumer Staples,0.0647
AC,2017Q3,Financials,0.4637
AC,2017Q3,Healthcare,0.0209
AC,2017Q3,Industrials,0.0316
AC,2017Q3,Real Estate,0.1886
AC,2017Q3,Technology,0.07769999999999999
AC,2017Q4,Consumer Discretionary,0.1272
AC,2017Q4,Consumer Staples,0.0756
AC,2017Q4,Financials,0.4617
AC,2017Q4,Healthcare,0.021400000000000002
AC,2017Q4,Industrials,0.0345
AC,2017Q4,Real Estate,0.1908
AC,2017Q4,Technology,0.08510000000000001
AC,2018Q1,Consumer Discretionary,0.11920000000000001
AC,2018Q1,Consumer Staples,0.06309999999999999
AC,2018Q1,Financials,0.4844
AC,2018Q1,Healthcare,0.0213
AC,2018Q1,Industrials,0.0351
AC,2018Q1,Real Estate,0.1899
AC,2018Q1,Technology,0.0815
AC,2018Q2,Consumer Discretionary,0.1137
AC,2018Q2,Consumer Staples,0.060300000000000006
AC,2018Q2,Financials,0.5016
AC,2018Q2,Healthcare,0.0206
AC,2018Q2,Industrials,0.0346
AC,2018Q2,Real Estate,0.1802
AC,2018Q2,Technology,0.0862
AC,2018Q3,Consumer Discretionary,0.12229999999999999
AC,2018Q3,Consumer Staples,0.0544
AC,2018Q3,Financials,0.492
AC,2018Q3,Healthcare,0.021
AC,2018Q3,Industrials,0.0358
AC,2018Q3,Real Estate,0.1661
AC,2018Q3,Technology,0.08879999999999999
AC,2018Q3,Unknown,0.0152
AC,2018Q4,Consumer Discretionary,0.1281
AC,2018Q4,Consumer Staples,0.0631
AC,2018Q4,Financials,0.4555
AC,2018Q4,Healthcare,0.0216
AC,2018Q4,Industrials,0.0351
AC,2018Q4,Real Estate,0.192
AC,2018Q4,Technology,0.0905
AC,2018Q4,Unknown,0.009899999999999999
AC,2019Q1,Consumer Discretionary,0.12210000000000001
AC,2019Q1,Consumer Staples,0.0611
AC,2019Q1,Financials,0.43929999999999997
AC,2019Q1,Healthcare,0.0231
AC,2019Q1,Industrials,0.035699999999999996
AC,2019Q1,Real Estate,0.2014
AC,2019Q1,Technology,0.10300000000000001
AC,2019Q1,Unknown,0.011200000000000002
AC,2019Q2,Consumer Discretionary,0.1242
AC,2019Q2,Consumer Staples,0.059199999999999996
AC,2019Q2,Financials,0.4578
AC,2019Q2,Healthcare,0.024
AC,2019Q2,Industrials,0.0378
AC,2019Q2,Real Estate,0.2052
AC,2019Q2,Technology,0.0897
AC,2019Q3,Consumer Discretionary,0.1286
AC,2019Q3,Consumer Staples,0.0615
AC,2019Q3,Financials,0.4694
AC,2019Q3,Healthcare,0.0236
AC,2019Q3,Industrials,0.0397
AC,2019Q3,Real Estate,0.21530000000000002
AC,2019Q3,Technology,0.061399999999999996
AC,2019Q4,Consumer Discretionary,0.13
AC,2019Q4,Consumer Staples,0.04719999999999999
AC,2019Q4,Financials,0.482
AC,2019Q4,Healthcare,0.0233
AC,2019Q4,Industrials,0.0348
AC,2019Q4,Real Estate,0.21960000000000002
AC,2019Q4,Technology,0.0611
AC,2020Q1,Communication Services,0.0242
AC,2020Q1,Consumer Discretionary,0.09670000000000001
AC,2020Q1,Consumer Staples,0.0348
AC,2020Q1,Financials,0.44170000000000004
AC,2020Q1,Healthcare,0.0223
AC,2020Q1,Industrials,0.0332
AC,2020Q1,Real Estate,0.2386
AC,2020Q1,Technology,0.1042
AC,2020Q2,Communication Services,0.0187
AC,2020Q2,Consumer Discretionary,0.11349999999999999
AC,2020Q2,Consumer Staples,0.035500000000000004
AC,2020Q2,Financials,0.4209
AC,2020Q2,Healthcare,0.022099999999999998
AC,2020Q2,Industrials,0.031400000000000004
AC,2020Q2,Real Estate,0.2435
AC,2020Q2,Technology,0.1102
AC,2020Q3,Communication Services,0.0208
AC,2020Q3,Consumer Discretionary,0.10830000000000001
AC,2020Q3,Consumer Staples,0.0323
AC,2020Q3,Financials,0.4291
AC,2020Q3,Healthcare,0.025099999999999997
AC,2020Q3,Industrials,0.032
AC,2020Q3,Real Estate,0.2325
AC,2020Q3,Technology,0.11449999999999999
AC,2020Q4,Communication Services,0.027200000000000002
AC,2020Q4,Consumer Discretionary,0.10399999999999998
AC,2020Q4,Consumer Staples,0.033
AC,2020Q4,Financials,0.43170000000000003
AC,2020Q4,Healthcare,0.0248
AC,2020Q4,Industrials,0.0344
AC,2020Q4,Real Estate,0.2155
AC,2020Q4,Technology,0.1231
AC,2021Q1,Communication Services,0.0315
AC,2021Q1,Consumer Discretionary,0.1189
AC,2021Q1,Consumer Staples,0.030999999999999996
AC,2021Q1,Financials,0.4253
AC,2021Q1,Healthcare,0.0254
AC,2021Q1,Industrials,0.0294
AC,2021Q1,Real Estate,0.2121
AC,2021Q1,Technology,0.1229
AC,2021Q2,Consumer Discretionary,0.1117
AC,2021Q2,Consumer Staples,0.024600000000000004
AC,2021Q2,Financials,0.433
AC,2021Q2,Healthcare,0.0274
AC,2021Q2,Industrials,0.0263
AC,2021Q2,Real Estate,0.2044
AC,2021Q2,Technology,0.1688
AC,2021Q3,Consumer Discretionary,0.1154
AC,2021Q3,Consumer Staples,0.021099999999999997
AC,2021Q3,Financials,0.4255
AC,2021Q3,Healthcare,0.031
AC,2021Q3,Industrials,0.0301
AC,2021Q3,Real Estate,0.2056
AC,2021Q3,Technology,0.1691
AC,2021Q4,Consumer Discretionary,0.11979999999999999
AC,2021Q4,Consumer Staples,0.0216
AC,2021Q4,Financials,0.43260000000000004
AC,2021Q4,Healthcare,0.0316
AC,2021Q4,Industrials,0.0325
AC,2021Q4,Real Estate,0.19870000000000002
AC,2021Q4,Technology,0.163
AC,2022Q1,Consumer Discretionary,0.12380000000000001
AC,2022Q1,Consumer Staples,0.0004
AC,2022Q1,Financials,0.4763
AC,2022Q1,Healthcare,0.0336
AC,2022Q1,Industrials,0.0363
AC,2022Q1,Real Estate,0.1663
AC,2022Q1,Technology,0.1633
AC,2022Q2,Consumer Discretionary,0.13290000000000002
AC,2022Q2,Consumer Staples,0.0004
AC,2022Q2,Financials,0.4678
AC,2022Q2,Healthcare,0.0336
AC,2022Q2,Industrials,0.0339
AC,2022Q2,Real Estate,0.17719999999999997
AC,2022Q2,Technology,0.1541
AC,2022Q3,Consumer Discretionary,0.1343
AC,2022Q3,Consumer Staples,0.0004
AC,2022Q3,Financials,0.466
AC,2022Q3,Healthcare,0.0378
AC,2022Q3,Industrials,0.0368
AC,2022Q3,Real Estate,0.1759
AC,2022Q3,Technology,0.1489
AC,2022Q4,Consumer Discretionary,0.11939999999999999
AC,2022Q4,Consumer Staples,0.0004
AC,2022Q4,Financials,0.5495
AC,2022Q4,Healthcare,0.0429
AC,2022Q4,Industrials,0.0003
AC,2022Q4,Real Estate,0.1838
AC,2022Q4,Technology,0.1036
AC,2023Q1,Consumer Discretionary,0.1059
AC,2023Q1,Consumer Staples,0.0004
AC,2023Q1,Financials,0.5795
AC,2023Q1,Healthcare,0.0397
AC,2023Q1,Industrials,0.0003
AC,2023Q1,Real Estate,0.1691
AC,2023Q1,Technology,0.105
AC,2023Q2,Consumer Discretionary,0.10859999999999999
AC,2023Q2,Consumer Staples,0.0004
AC,2023Q2,Financials,0.5833
AC,2023Q2,Healthcare,0.0358
AC,2023Q2,Industrials,0.0004
AC,2023Q2,Real Estate,0.1618
AC,2023Q2,Technology,0.10980000000000001
AC,2023Q3,Consumer Discretionary,0.10590000000000001
AC,2023Q3,Consumer Staples,0.0003
AC,2023Q3,Financials,0.6298
AC,2023Q3,Healthcare,0.0404
AC,2023Q3,Industrials,0.0004
AC,2023Q3,Real Estate,0.1534
AC,2023Q3,Technology,0.07
AC,2023Q4,Consumer Discretionary,0.09910000000000001
AC,2023Q4,Consumer Staples,0.0003
AC,2023Q4,Financials,0.6129
AC,2023Q4,Healthcare,0.0346
AC,2023Q4,Industrials,0.0003
AC,2023Q4,Real Estate,0.18089999999999998
AC,2023Q4,Technology,0.0721
AC,2024Q1,Consumer Discretionary,0.1231
AC,2024Q1,Financials,0.5986
AC,2024Q1,Healthcare,0.0368
AC,2024Q1,Industrials,0.0003
AC,2024Q1,Real Estate,0.1625
AC,2024Q1,Technology,0.0786
AC,2024Q2,Consumer Discretionary,0.11510000000000001
AC,2024Q2,Financials,0.5899
AC,2024Q2,Healthcare,0.0398
AC,2024Q2,Industrials,0.0004
AC,2024Q2,Real Estate,0.17070000000000002
AC,2024Q2,Technology,0.0842
AC,2024Q3,Consumer Discretionary,0.12450000000000001
AC,2024Q3,Financials,0.5812
AC,2024Q3,Healthcare,0.041800000000000004
AC,2024Q3,Industrials,0.0003
AC,2024Q3,Real Estate,0.17320000000000002
AC,2024Q3,Technology,0.0792
AC,2024Q4,Consumer Discretionary,0.1266
AC,2024Q4,Financials,0.6148
AC,2024Q4,Healthcare,0.0359
AC,2024Q4,Industrials,0.0003
AC,2024Q4,Real Estate,0.145
AC,2024Q4,Technology,0.07740000000000001
AC,2025Q1,Consumer Discretionary,0.154
AC,2025Q1,Financials,0.5912
AC,2025Q1,Healthcare,0.0357
AC,2025Q1,Industrials,0.0003
AC,2025Q1,Real Estate,0.1251
AC,2025Q1,Technology,0.0937
AC,2025Q2,Consumer Discretionary,0.1291
AC,2025Q2,Financials,0.6413
AC,2025Q2,Healthcare,0.0354
AC,2025Q2,Industrials,0.0060999999999999995
AC,2025Q2,Real Estate,0.0931
AC,2025Q2,Technology,0.0951
AC,2025Q3,Consumer Discretionary,0.1353
AC,2025Q3,Financials,0.6285000000000001
AC,2025Q3,Healthcare,0.0191
AC,2025Q3,Industrials,0.0192
AC,2025Q3,Real Estate,0.08679999999999999
AC,2025Q3,Technology,0.11120000000000001
AC,2025Q4,Consumer Discretionary,0.1195
AC,2025Q4,Financials,0.6403
AC,2025Q4,Healthcare,0.0036
AC,2025Q4,Industrials,0.0338
AC,2025Q4,Real Estate,0.0758
AC,2025Q4,Technology,0.12689999999999999
AC,2026Q1,Consumer Discretionary,0.10070000000000001
AC,2026Q1,Financials,0.5745
AC,2026Q1,Healthcare,0.003
AC,2026Q1,Industrials,0.0434
AC,2026Q1,Materials,0.001
AC,2026Q1,Real Estate,0.0697
AC,2026Q1,Technology,0.2077
AC,2026Q2,Consumer Discretionary,0.0722
AC,2026Q2,Financials,0.5729
AC,2026Q2,Healthcare,0.0042
AC,2026Q2,Industrials,0.0441
AC,2026Q2,Materials,0.0017000000000000001
AC,2026Q2,Real Estate,0.0658
AC,2026Q2,Technology,0.2391
AM,2008Q1,Communication Services,0.0436
AM,2008Q1,Consumer Discretionary,0.0411
AM,2008Q1,Energy,0.0031
AM,2008Q1,Financials,0.0711
AM,2008Q1,Materials,0.004699999999999999
AM,2008Q1,Real Estate,0.013499999999999998
AM,2008Q1,Technology,0.6638000000000001
AM,2008Q1,Unknown,0.1524
AM,2008Q2,Consumer Discretionary,0.0195
AM,2008Q2,Energy,0.597
AM,2008Q2,Materials,0.0382
AM,2008Q2,Technology,0.0964
AM,2008Q2,Unknown,0.17479999999999998
AM,2008Q3,Consumer Discretionary,0.024399999999999998
AM,2008Q3,Energy,0.3407
AM,2008Q3,Financials,0.0239
AM,2008Q3,Materials,0.0252
AM,2008Q3,Technology,0.1537
AM,2008Q3,Unknown,0.3253
AM,2008Q4,Consumer Discretionary,0.082
AM,2008Q4,Energy,0.0537
AM,2008Q4,Financials,0.34309999999999996
AM,2008Q4,Technology,0.055600000000000004
AM,2008Q4,Unknown,0.3297
AM,2009Q1,Consumer Discretionary,0.0453
AM,2009Q1,Financials,0.7788999999999999
AM,2009Q1,Industrials,0.1149
AM,2009Q1,Unknown,0.0608
AM,2009Q1,Utilities,0.0001
AM,2009Q2,Consumer Discretionary,0.031000000000000003
AM,2009Q2,Financials,0.7726
AM,2009Q2,Industrials,0.1217
AM,2009Q2,Unknown,0.0747
AM,2009Q2,Utilities,0.0
AM,2009Q3,Consumer Discretionary,0.0304
AM,2009Q3,Financials,0.7454999999999999
AM,2009Q3,Industrials,0.099
AM,2009Q3,Technology,0.0397
AM,2009Q3,Unknown,0.0831
AM,2009Q4,Consumer Discretionary,0.0232
AM,2009Q4,Financials,0.7424
AM,2009Q4,Industrials,0.0925
AM,2009Q4,Technology,0.0384
AM,2009Q4,Unknown,0.0755
AM,2010Q1,Consumer Discretionary,0.0228
AM,2010Q1,Energy,0.021400000000000002
AM,2010Q1,Financials,0.6151
AM,2010Q1,Healthcare,0.0974
AM,2010Q1,Industrials,0.06609999999999999
AM,2010Q1,Technology,0.027000000000000003
AM,2010Q1,Unknown,0.0606
AM,2010Q2,Consumer Discretionary,0.057300000000000004
AM,2010Q2,Energy,0.020099999999999996
AM,2010Q2,Financials,0.5204
AM,2010Q2,Healthcare,0.1602
AM,2010Q2,Industrials,0.0472
AM,2010Q2,Materials,0.033
AM,2010Q2,Technology,0.0235
AM,2010Q2,Unknown,0.052500000000000005
AM,2010Q3,Consumer Discretionary,0.0527
AM,2010Q3,Financials,0.3051
AM,2010Q3,Healthcare,0.2152
AM,2010Q3,Industrials,0.0363
AM,2010Q3,Materials,0.0226
AM,2010Q3,Technology,0.1461
AM,2010Q3,Unknown,0.0399
AM,2010Q4,Consumer Discretionary,0.0932
AM,2010Q4,Financials,0.2948
AM,2010Q4,Healthcare,0.1181
AM,2010Q4,Industrials,0.050499999999999996
AM,2010Q4,Materials,0.020499999999999997
AM,2010Q4,Technology,0.2074
AM,2010Q4,Unknown,0.0223
AM,2011Q1,Consumer Discretionary,0.14250000000000002
AM,2011Q1,Energy,0.019299999999999998
AM,2011Q1,Financials,0.16820000000000002
AM,2011Q1,Healthcare,0.0978
AM,2011Q1,Industrials,0.060700000000000004
AM,2011Q1,Materials,0.0321
AM,2011Q1,Technology,0.21910000000000002
AM,2011Q1,Unknown,0.0331
AM,2011Q2,Consumer Discretionary,0.143
AM,2011Q2,Energy,0.09489999999999998
AM,2011Q2,Financials,0.12290000000000001
AM,2011Q2,Healthcare,0.1105
AM,2011Q2,Industrials,0.0589
AM,2011Q2,Materials,0.0713
AM,2011Q2,Technology,0.1003
AM,2011Q2,Unknown,0.0278
AM,2011Q3,Communication Services,0.019
AM,2011Q3,Consumer Discretionary,0.19569999999999999
AM,2011Q3,Energy,0.1972
AM,2011Q3,Financials,0.0464
AM,2011Q3,Industrials,0.1114
AM,2011Q3,Materials,0.0739
AM,2011Q3,Technology,0.1464
AM,2011Q3,Unknown,0.0689
AM,2011Q4,Consumer Discretionary,0.224
AM,2011Q4,Energy,0.19140000000000001
AM,2011Q4,Healthcare,0.0706
AM,2011Q4,Industrials,0.1076
AM,2011Q4,Materials,0.0562
AM,2011Q4,Technology,0.2098
AM,2011Q4,Unknown,0.1403
AM,2012Q1,Communication Services,0.0417
AM,2012Q1,Consumer Discretionary,0.0945
AM,2012Q1,Energy,0.0609
AM,2012Q1,Financials,0.1422
AM,2012Q1,Industrials,0.1717
AM,2012Q1,Materials,0.028900000000000002
AM,2012Q1,Technology,0.23349999999999999
AM,2012Q1,Unknown,0.0596
AM,2012Q2,Communication Services,0.0493
AM,2012Q2,Consumer Discretionary,0.1314
AM,2012Q2,Energy,0.021400000000000002
AM,2012Q2,Financials,0.0975
AM,2012Q2,Industrials,0.24
AM,2012Q2,Materials,0.031400000000000004
AM,2012Q2,Technology,0.2404
AM,2012Q2,Unknown,0.048
AM,2012Q3,Communication Services,0.0415
AM,2012Q3,Consumer Discretionary,0.1406
AM,2012Q3,Financials,0.2176
AM,2012Q3,Industrials,0.1663
AM,2012Q3,Materials,0.0334
AM,2012Q3,Technology,0.1849
AM,2012Q3,Unknown,0.0348
AM,2012Q4,Communication Services,0.0302
AM,2012Q4,Consumer Discretionary,0.11449999999999999
AM,2012Q4,Financials,0.2076
AM,2012Q4,Healthcare,0.03
AM,2012Q4,Industrials,0.135
AM,2012Q4,Materials,0.0271
AM,2012Q4,Technology,0.19499999999999998
AM,2012Q4,Unknown,0.026099999999999998
AM,2013Q1,Communication Services,0.032400000000000005
AM,2013Q1,Consumer Discretionary,0.111
AM,2013Q1,Energy,0.029300000000000003
AM,2013Q1,Financials,0.18860000000000002
AM,2013Q1,Healthcare,0.0387
AM,2013Q1,Industrials,0.1592
AM,2013Q1,Materials,0.030299999999999997
AM,2013Q1,Technology,0.1397
AM,2013Q1,Unknown,0.0276
AM,2013Q2,Communication Services,0.028999999999999998
AM,2013Q2,Consumer Discretionary,0.15289999999999998
AM,2013Q2,Energy,0.0245
AM,2013Q2,Financials,0.2054
AM,2013Q2,Healthcare,0.0282
AM,2013Q2,Industrials,0.1368
AM,2013Q2,Materials,0.023
AM,2013Q2,Technology,0.0668
AM,2013Q2,Unknown,0.0218
AM,2013Q3,Communication Services,0.025699999999999997
AM,2013Q3,Consumer Discretionary,0.1751
AM,2013Q3,Energy,0.0203
AM,2013Q3,Financials,0.21319999999999997
AM,2013Q3,Healthcare,0.0395
AM,2013Q3,Industrials,0.1699
AM,2013Q3,Materials,0.0326
AM,2013Q3,Technology,0.057800000000000004
AM,2013Q4,Communication Services,0.0525
AM,2013Q4,Consumer Discretionary,0.1498
AM,2013Q4,Financials,0.1953
AM,2013Q4,Healthcare,0.0482
AM,2013Q4,Industrials,0.192
AM,2013Q4,Materials,0.037200000000000004
AM,2013Q4,Technology,0.0239
AM,2014Q1,Communication Services,0.1051
AM,2014Q1,Consumer Discretionary,0.1992
AM,2014Q1,Energy,0.0516
AM,2014Q1,Financials,0.0836
AM,2014Q1,Healthcare,0.0487
AM,2014Q1,Industrials,0.1685
AM,2014Q1,Materials,0.0484
AM,2014Q1,Technology,0.037
AM,2014Q2,Communication Services,0.1502
AM,2014Q2,Consumer Discretionary,0.2182
AM,2014Q2,Energy,0.0545
AM,2014Q2,Financials,0.062
AM,2014Q2,Healthcare,0.0458
AM,2014Q2,Industrials,0.187
AM,2014Q2,Materials,0.031400000000000004
AM,2014Q2,Technology,0.0239
AM,2014Q2,Unknown,0.020499999999999997
AM,2014Q3,Communication Services,0.1474
AM,2014Q3,Consumer Discretionary,0.2512
AM,2014Q3,Energy,0.0524
AM,2014Q3,Financials,0.0697
AM,2014Q3,Healthcare,0.0608
AM,2014Q3,Industrials,0.1623
AM,2014Q3,Materials,0.0308
AM,2014Q3,Technology,0.0469
AM,2014Q3,Unknown,0.024700000000000003
AM,2014Q4,Communication Services,0.1143
AM,2014Q4,Consumer Discretionary,0.3721
AM,2014Q4,Healthcare,0.0915
AM,2014Q4,Industrials,0.2591
AM,2014Q4,Materials,0.0347
AM,2014Q4,Technology,0.0447
AM,2014Q4,Unknown,0.051199999999999996
AM,2015Q1,Communication Services,0.0984
AM,2015Q1,Consumer Discretionary,0.3404
AM,2015Q1,Healthcare,0.08779999999999999
AM,2015Q1,Industrials,0.2069
AM,2015Q1,Materials,0.0696
AM,2015Q1,Technology,0.0665
AM,2015Q1,Unknown,0.034199999999999994
AM,2015Q2,Communication Services,0.0451
AM,2015Q2,Consumer Discretionary,0.3709
AM,2015Q2,Healthcare,0.0941
AM,2015Q2,Industrials,0.1562
AM,2015Q2,Materials,0.0617
AM,2015Q2,Technology,0.11879999999999999
AM,2015Q2,Unknown,0.052199999999999996
AM,2015Q3,Communication Services,0.0403
AM,2015Q3,Consumer Discretionary,0.3016
AM,2015Q3,Financials,0.0129
AM,2015Q3,Healthcare,0.0977
AM,2015Q3,Industrials,0.2456
AM,2015Q3,Materials,0.0645
AM,2015Q3,Technology,0.12229999999999999
AM,2015Q3,Unknown,0.038599999999999995
AM,2015Q4,Communication Services,0.094
AM,2015Q4,Consumer Discretionary,0.2023
AM,2015Q4,Energy,0.07269999999999999
AM,2015Q4,Financials,0.04190000000000001
AM,2015Q4,Healthcare,0.0889
AM,2015Q4,Industrials,0.16499999999999998
AM,2015Q4,Materials,0.0383
AM,2015Q4,Technology,0.046400000000000004
AM,2015Q4,Unknown,0.0222
AM,2015Q4,Utilities,0.050199999999999995
AM,2016Q1,Communication Services,0.148
AM,2016Q1,Consumer Discretionary,0.0745
AM,2016Q1,Energy,0.1807
AM,2016Q1,Financials,0.0937
AM,2016Q1,Healthcare,0.0786
AM,2016Q1,Industrials,0.15960000000000002
AM,2016Q1,Materials,0.022099999999999998
AM,2016Q1,Technology,0.0242
AM,2016Q1,Unknown,0.0227
AM,2016Q1,Utilities,0.023399999999999997
AM,2016Q2,Communication Services,0.1404
AM,2016Q2,Consumer Discretionary,0.0968
AM,2016Q2,Consumer Staples,0.0171
AM,2016Q2,Energy,0.20220000000000002
AM,2016Q2,Financials,0.10339999999999999
AM,2016Q2,Healthcare,0.12319999999999999
AM,2016Q2,Industrials,0.08249999999999999
AM,2016Q2,Materials,0.0242
AM,2016Q2,Technology,0.0476
AM,2016Q2,Unknown,0.025699999999999997
AM,2016Q2,Utilities,0.0567
AM,2016Q3,Communication Services,0.1467
AM,2016Q3,Consumer Discretionary,0.09770000000000001
AM,2016Q3,Energy,0.2262
AM,2016Q3,Financials,0.0875
AM,2016Q3,Healthcare,0.09849999999999999
AM,2016Q3,Industrials,0.0415
AM,2016Q3,Materials,0.027200000000000002
AM,2016Q3,Technology,0.041499999999999995
AM,2016Q3,Unknown,0.0442
AM,2016Q3,Utilities,0.062
AM,2016Q4,Communication Services,0.11660000000000001
AM,2016Q4,Consumer Discretionary,0.042899999999999994
AM,2016Q4,Energy,0.1474
AM,2016Q4,Financials,0.11699999999999999
AM,2016Q4,Healthcare,0.24639999999999998
AM,2016Q4,Industrials,0.0262
AM,2016Q4,Materials,0.0204
AM,2016Q4,Technology,0.0171
AM,2016Q4,Unknown,0.0233
AM,2016Q4,Utilities,0.041800000000000004
AM,2017Q1,Communication Services,0.1165
AM,2017Q1,Consumer Discretionary,0.0548
AM,2017Q1,Energy,0.1679
AM,2017Q1,Financials,0.1263
AM,2017Q1,Healthcare,0.1411
AM,2017Q1,Industrials,0.0572
AM,2017Q1,Materials,0.0239
AM,2017Q1,Technology,0.0527
AM,2017Q1,Utilities,0.038
AM,2017Q2,Communication Services,0.18359999999999999
AM,2017Q2,Consumer Discretionary,0.0995
AM,2017Q2,Energy,0.1056
AM,2017Q2,Financials,0.0922
AM,2017Q2,Healthcare,0.1096
AM,2017Q2,Industrials,0.046799999999999994
AM,2017Q2,Materials,0.0218
AM,2017Q2,Technology,0.11059999999999999
AM,2017Q2,Utilities,0.0322
AM,2017Q3,Communication Services,0.2123
AM,2017Q3,Consumer Discretionary,0.09210000000000002
AM,2017Q3,Energy,0.076
AM,2017Q3,Financials,0.08750000000000001
AM,2017Q3,Healthcare,0.0775
AM,2017Q3,Industrials,0.044
AM,2017Q3,Materials,0.021099999999999997
AM,2017Q3,Technology,0.1651
AM,2017Q3,Utilities,0.0492
AM,2017Q4,Communication Services,0.2528
AM,2017Q4,Consumer Discretionary,0.0851
AM,2017Q4,Energy,0.0432
AM,2017Q4,Financials,0.0847
AM,2017Q4,Healthcare,0.10570000000000002
AM,2017Q4,Industrials,0.0485
AM,2017Q4,Materials,0.01
AM,2017Q4,Technology,0.21799999999999997
AM,2017Q4,Utilities,0.0318
AM,2018Q1,Communication Services,0.24230000000000002
AM,2018Q1,Consumer Discretionary,0.11040000000000001
AM,2018Q1,Consumer Staples,0.012199999999999999
AM,2018Q1,Financials,0.0881
AM,2018Q1,Healthcare,0.11019999999999999
AM,2018Q1,Industrials,0.0233
AM,2018Q1,Technology,0.2263
AM,2018Q1,Utilities,0.022099999999999998
AM,2018Q2,Communication Services,0.23859999999999998
AM,2018Q2,Consumer Discretionary,0.0762
AM,2018Q2,Energy,0.0241
AM,2018Q2,Financials,0.0834
AM,2018Q2,Healthcare,0.109
AM,2018Q2,Industrials,0.0191
AM,2018Q2,Materials,0.0105
AM,2018Q2,Technology,0.2734
AM,2018Q3,Communication Services,0.2142
AM,2018Q3,Consumer Discretionary,0.0706
AM,2018Q3,Consumer Staples,0.014499999999999999
AM,2018Q3,Energy,0.0288
AM,2018Q3,Financials,0.035500000000000004
AM,2018Q3,Healthcare,0.0994
AM,2018Q3,Industrials,0.0275
AM,2018Q3,Technology,0.3221
AM,2018Q3,Unknown,0.015600000000000001
AM,2018Q3,Utilities,0.0625
AM,2018Q4,Communication Services,0.26539999999999997
AM,2018Q4,Consumer Discretionary,0.0443
AM,2018Q4,Energy,0.1175
AM,2018Q4,Financials,0.0315
AM,2018Q4,Healthcare,0.1062
AM,2018Q4,Industrials,0.0032
AM,2018Q4,Technology,0.2498
AM,2018Q4,Unknown,0.0236
AM,2018Q4,Utilities,0.1568
AM,2019Q1,Communication Services,0.22349999999999998
AM,2019Q1,Consumer Discretionary,0.1635
AM,2019Q1,Energy,0.0432
AM,2019Q1,Healthcare,0.1573
AM,2019Q1,Technology,0.2581
AM,2019Q1,Unknown,0.0087
AM,2019Q1,Utilities,0.1459
AM,2019Q2,Communication Services,0.3184
AM,2019Q2,Consumer Discretionary,0.2152
AM,2019Q2,Energy,0.049199999999999994
AM,2019Q2,Healthcare,0.1474
AM,2019Q2,Technology,0.064
AM,2019Q2,Unknown,0.0097
AM,2019Q2,Utilities,0.19460000000000002
AM,2019Q3,Communication Services,0.4158
AM,2019Q3,Consumer Discretionary,0.2452
AM,2019Q3,Energy,0.031
AM,2019Q3,Healthcare,0.0884
AM,2019Q3,Industrials,0.0034999999999999996
AM,2019Q3,Technology,0.1407
AM,2019Q3,Utilities,0.0722
AM,2019Q4,Communication Services,0.31489999999999996
AM,2019Q4,Consumer Discretionary,0.305
AM,2019Q4,Energy,0.043500000000000004
AM,2019Q4,Healthcare,0.0936
AM,2019Q4,Technology,0.1759
AM,2019Q4,Unknown,0.0059
AM,2019Q4,Utilities,0.061200000000000004
AM,2020Q1,Communication Services,0.3008
AM,2020Q1,Consumer Discretionary,0.2908
AM,2020Q1,Energy,0.0229
AM,2020Q1,Healthcare,0.06459999999999999
AM,2020Q1,Technology,0.1847
AM,2020Q1,Unknown,0.0648
AM,2020Q1,Utilities,0.031200000000000002
AM,2020Q2,Communication Services,0.3659
AM,2020Q2,Consumer Discretionary,0.23420000000000002
AM,2020Q2,Consumer Staples,0.0178
AM,2020Q2,Energy,0.0187
AM,2020Q2,Financials,0.08249999999999999
AM,2020Q2,Healthcare,0.0177
AM,2020Q2,Industrials,0.0151
AM,2020Q2,Technology,0.1156
AM,2020Q2,Unknown,0.0287
AM,2020Q2,Utilities,0.0138
AM,2020Q3,Communication Services,0.3083
AM,2020Q3,Consumer Discretionary,0.19419999999999998
AM,2020Q3,Consumer Staples,0.013999999999999999
AM,2020Q3,Energy,0.0182
AM,2020Q3,Financials,0.0718
AM,2020Q3,Healthcare,0.0206
AM,2020Q3,Industrials,0.0143
AM,2020Q3,Technology,0.1363
AM,2020Q3,Unknown,0.036699999999999997
AM,2020Q3,Utilities,0.1341
AM,2020Q4,Communication Services,0.2679
AM,2020Q4,Consumer Discretionary,0.16240000000000002
AM,2020Q4,Consumer Staples,0.0139
AM,2020Q4,Energy,0.0609
AM,2020Q4,Financials,0.0602
AM,2020Q4,Healthcare,0.0246
AM,2020Q4,Technology,0.14150000000000001
AM,2020Q4,Unknown,0.0385
AM,2020Q4,Utilities,0.0789
AM,2021Q1,Communication Services,0.24330000000000002
AM,2021Q1,Consumer Discretionary,0.1346
AM,2021Q1,Energy,0.11099999999999999
AM,2021Q1,Healthcare,0.040499999999999994
AM,2021Q1,Technology,0.14150000000000001
AM,2021Q1,Unknown,0.0402
AM,2021Q1,Utilities,0.0481
AM,2021Q2,Communication Services,0.2379
AM,2021Q2,Consumer Discretionary,0.17600000000000002
AM,2021Q2,Energy,0.0863
AM,2021Q2,Healthcare,0.032799999999999996
AM,2021Q2,Materials,0.0317
AM,2021Q2,Technology,0.1382
AM,2021Q2,Unknown,0.018500000000000003
AM,2021Q2,Utilities,0.034300000000000004
AM,2021Q3,Communication Services,0.2631
AM,2021Q3,Consumer Discretionary,0.1776
AM,2021Q3,Energy,0.0973
AM,2021Q3,Healthcare,0.022400000000000003
AM,2021Q3,Materials,0.0202
AM,2021Q3,Technology,0.0884
AM,2021Q3,Unknown,0.0411
AM,2021Q3,Utilities,0.030600000000000002
AM,2021Q4,Communication Services,0.2338
AM,2021Q4,Consumer Discretionary,0.2631
AM,2021Q4,Energy,0.1335
AM,2021Q4,Healthcare,0.0231
AM,2021Q4,Materials,0.024300000000000002
AM,2021Q4,Technology,0.0916
AM,2021Q4,Unknown,0.024700000000000003
AM,2021Q4,Utilities,0.039
AM,2022Q1,Communication Services,0.2122
AM,2022Q1,Consumer Discretionary,0.2523
AM,2022Q1,Consumer Staples,0.0245
AM,2022Q1,Energy,0.2053
AM,2022Q1,Healthcare,0.034300000000000004
AM,2022Q1,Materials,0.0369
AM,2022Q1,Technology,0.11069999999999999
AM,2022Q1,Unknown,0.015300000000000001
AM,2022Q1,Utilities,0.0287
AM,2022Q2,Communication Services,0.2385
AM,2022Q2,Consumer Discretionary,0.2378
AM,2022Q2,Consumer Staples,0.0226
AM,2022Q2,Energy,0.1974
AM,2022Q2,Healthcare,0.0484
AM,2022Q2,Technology,0.081
AM,2022Q2,Unknown,0.021900000000000003
AM,2022Q2,Utilities,0.0971
AM,2022Q3,Communication Services,0.2283
AM,2022Q3,Consumer Discretionary,0.2143
AM,2022Q3,Consumer Staples,0.0104
AM,2022Q3,Energy,0.2061
AM,2022Q3,Healthcare,0.0658
AM,2022Q3,Technology,0.06029999999999999
AM,2022Q3,Unknown,0.04530000000000001
AM,2022Q3,Utilities,0.16079999999999997
AM,2022Q4,Communication Services,0.2019
AM,2022Q4,Consumer Discretionary,0.2202
AM,2022Q4,Consumer Staples,0.0085
AM,2022Q4,Energy,0.20950000000000002
AM,2022Q4,Healthcare,0.0915
AM,2022Q4,Technology,0.0713
AM,2022Q4,Unknown,0.0232
AM,2022Q4,Utilities,0.1534
AM,2023Q1,Communication Services,0.2259
AM,2023Q1,Consumer Discretionary,0.2991
AM,2023Q1,Energy,0.1287
AM,2023Q1,Healthcare,0.0586
AM,2023Q1,Industrials,0.0432
AM,2023Q1,Technology,0.0943
AM,2023Q1,Unknown,0.0109
AM,2023Q1,Utilities,0.08869999999999999
AM,2023Q2,Communication Services,0.1643
AM,2023Q2,Consumer Discretionary,0.203
AM,2023Q2,Energy,0.0388
AM,2023Q2,Healthcare,0.0178
AM,2023Q2,Industrials,0.029900000000000003
AM,2023Q2,Technology,0.3958
AM,2023Q3,Communication Services,0.2048
AM,2023Q3,Consumer Discretionary,0.2626
AM,2023Q3,Energy,0.0436
AM,2023Q3,Healthcare,0.0199
AM,2023Q3,Industrials,0.034
AM,2023Q3,Technology,0.3593
AM,2023Q4,Communication Services,0.173
AM,2023Q4,Consumer Discretionary,0.2854
AM,2023Q4,Energy,0.038
AM,2023Q4,Healthcare,0.018600000000000002
AM,2023Q4,Industrials,0.0291
AM,2023Q4,Technology,0.3604
AM,2024Q1,Communication Services,0.157
AM,2024Q1,Consumer Discretionary,0.292
AM,2024Q1,Energy,0.0203
AM,2024Q1,Industrials,0.026000000000000002
AM,2024Q1,Technology,0.3492
AM,2024Q1,Unknown,0.0229
AM,2024Q2,Communication Services,0.1568
AM,2024Q2,Consumer Discretionary,0.3268
AM,2024Q2,Energy,0.0202
AM,2024Q2,Industrials,0.026699999999999998
AM,2024Q2,Technology,0.2705
AM,2024Q2,Unknown,0.048799999999999996
AM,2024Q3,Communication Services,0.12209999999999999
AM,2024Q3,Consumer Discretionary,0.44129999999999997
AM,2024Q3,Energy,0.0163
AM,2024Q3,Industrials,0.0152
AM,2024Q3,Technology,0.18130000000000002
AM,2024Q3,Unknown,0.0465
AM,2024Q3,Utilities,0.022400000000000003
AM,2024Q4,Communication Services,0.1197
AM,2024Q4,Consumer Discretionary,0.407
AM,2024Q4,Energy,0.0149
AM,2024Q4,Industrials,0.0152
AM,2024Q4,Technology,0.1736
AM,2024Q4,Unknown,0.052000000000000005
AM,2024Q4,Utilities,0.0829
AM,2025Q1,Communication Services,0.12610000000000002
AM,2025Q1,Consumer Discretionary,0.5185
AM,2025Q1,Energy,0.0166
AM,2025Q1,Financials,0.0161
AM,2025Q1,Healthcare,0.0165
AM,2025Q1,Industrials,0.0113
AM,2025Q1,Technology,0.0663
AM,2025Q1,Unknown,0.0612
AM,2025Q1,Utilities,0.0837
AM,2025Q2,Communication Services,0.0871
AM,2025Q2,Consumer Discretionary,0.34349999999999997
AM,2025Q2,Energy,0.0139
AM,2025Q2,Financials,0.0182
AM,2025Q2,Healthcare,0.1185
AM,2025Q2,Technology,0.1754
AM,2025Q2,Unknown,0.0213
AM,2025Q2,Utilities,0.10339999999999999
AM,2025Q3,Communication Services,0.1012
AM,2025Q3,Consumer Discretionary,0.3992
AM,2025Q3,Financials,0.0182
AM,2025Q3,Technology,0.1875
AM,2025Q3,Unknown,0.0421
AM,2025Q3,Utilities,0.074
AM,2025Q4,Communication Services,0.1396
AM,2025Q4,Consumer Discretionary,0.2934
AM,2025Q4,Financials,0.0177
AM,2025Q4,Industrials,0.0317
AM,2025Q4,Technology,0.2429
AM,2025Q4,Unknown,0.0502
AM,2025Q4,Utilities,0.060300000000000006
AM,2026Q1,Communication Services,0.13890000000000002
AM,2026Q1,Consumer Discretionary,0.33490000000000003
AM,2026Q1,Industrials,0.022600000000000002
AM,2026Q1,Technology,0.2945
AM,2026Q1,Unknown,0.049800000000000004
AM,2026Q1,Utilities,0.0939
AM,2026Q2,Communication Services,0.1582
AM,2026Q2,Consumer Discretionary,0.2595
AM,2026Q2,Industrials,0.0413
AM,2026Q2,Technology,0.376
AM,2026Q2,Unknown,0.0655
AM,2026Q2,Utilities,0.0814
BRK,2006Q4,Consumer Discretionary,0.0075
BRK,2006Q4,Consumer Staples,0.3559
BRK,2006Q4,Energy,0.0245
BRK,2006Q4,Financials,0.4146
BRK,2006Q4,Healthcare,0.0308
BRK,2006Q4,Industrials,0.08919999999999999
BRK,2006Q4,Materials,0.0177
BRK,2006Q4,Unknown,0.0121
BRK,2007Q1,Consumer Discretionary,0.0074
BRK,2007Q1,Consumer Staples,0.32420000000000004
BRK,2007Q1,Energy,0.0213
BRK,2007Q1,Financials,0.3673
BRK,2007Q1,Healthcare,0.051
BRK,2007Q1,Industrials,0.15139999999999998
BRK,2007Q1,Materials,0.0139
BRK,2007Q1,Unknown,0.0055000000000000005
BRK,2007Q2,Consumer Discretionary,0.0075
BRK,2007Q2,Consumer Staples,0.31739999999999996
BRK,2007Q2,Energy,0.0227
BRK,2007Q2,Financials,0.3813
BRK,2007Q2,Healthcare,0.0581
BRK,2007Q2,Industrials,0.1346
BRK,2007Q2,Materials,0.013500000000000002
BRK,2007Q3,Consumer Discretionary,0.0068000000000000005
BRK,2007Q3,Consumer Staples,0.328
BRK,2007Q3,Energy,0.023399999999999997
BRK,2007Q3,Financials,0.3749
BRK,2007Q3,Healthcare,0.061500000000000006
BRK,2007Q3,Industrials,0.1346
BRK,2007Q3,Materials,0.0097
BRK,2007Q3,Unknown,0.0058
BRK,2007Q4,Consumer Discretionary,0.0131
BRK,2007Q4,Consumer Staples,0.39530000000000004
BRK,2007Q4,Energy,0.0225
BRK,2007Q4,Financials,0.3058
BRK,2007Q4,Healthcare,0.0599
BRK,2007Q4,Industrials,0.1422
BRK,2007Q4,Materials,0.0089
BRK,2008Q1,Consumer Discretionary,0.014
BRK,2008Q1,Consumer Staples,0.4005
BRK,2008Q1,Energy,0.020099999999999996
BRK,2008Q1,Financials,0.2937
BRK,2008Q1,Healthcare,0.0603
BRK,2008Q1,Industrials,0.1563
BRK,2008Q1,Materials,0.0095
BRK,2008Q2,Consumer Discretionary,0.012
BRK,2008Q2,Consumer Staples,0.3638
BRK,2008Q2,Energy,0.08869999999999999
BRK,2008Q2,Financials,0.2622
BRK,2008Q2,Healthcare,0.0626
BRK,2008Q2,Industrials,0.1612
BRK,2008Q2,Materials,0.0079
BRK,2008Q3,Consumer Discretionary,0.011
BRK,2008Q3,Consumer Staples,0.35650000000000004
BRK,2008Q3,Energy,0.08800000000000001
BRK,2008Q3,Financials,0.3024
BRK,2008Q3,Healthcare,0.061200000000000004
BRK,2008Q3,Industrials,0.1364
BRK,2008Q3,Materials,0.0063
BRK,2008Q4,Consumer Discretionary,0.0075
BRK,2008Q4,Consumer Staples,0.3879
BRK,2008Q4,Energy,0.07980000000000001
BRK,2008Q4,Financials,0.2777
BRK,2008Q4,Healthcare,0.0369
BRK,2008Q4,Industrials,0.1552
BRK,2008Q4,Unknown,0.0037
BRK,2008Q4,Utilities,0.0096
BRK,2009Q1,Consumer Discretionary,0.0088
BRK,2009Q1,Consumer Staples,0.4329
BRK,2009Q1,Energy,0.0682
BRK,2009Q1,Financials,0.215
BRK,2009Q1,Healthcare,0.0462
BRK,2009Q1,Industrials,0.1762
BRK,2009Q1,Unknown,0.0038
BRK,2009Q1,Utilities,0.0075
BRK,2009Q2,Consumer Discretionary,0.008100000000000001
BRK,2009Q2,Consumer Staples,0.3923
BRK,2009Q2,Energy,0.0553
BRK,2009Q2,Financials,0.2797
BRK,2009Q2,Healthcare,0.046400000000000004
BRK,2009Q2,Industrials,0.1717
BRK,2009Q2,Unknown,0.0034999999999999996
BRK,2009Q2,Utilities,0.0038
BRK,2009Q3,Consumer Discretionary,0.0087
BRK,2009Q3,Consumer Staples,0.3908
BRK,2009Q3,Energy,0.045899999999999996
BRK,2009Q3,Financials,0.2954
BRK,2009Q3,Healthcare,0.0398
BRK,2009Q3,Industrials,0.1696
BRK,2009Q3,Materials,0.0052
BRK,2009Q3,Unknown,0.0034000000000000002
BRK,2009Q4,Consumer Discretionary,0.0087
BRK,2009Q4,Consumer Staples,0.3947
BRK,2009Q4,Energy,0.0332
BRK,2009Q4,Financials,0.3044
BRK,2009Q4,Healthcare,0.0302
BRK,2009Q4,Industrials,0.1852
BRK,2009Q4,Materials,0.0040999999999999995
BRK,2009Q4,Unknown,0.004
BRK,2010Q1,Consumer Discretionary,0.011000000000000001
BRK,2010Q1,Consumer Staples,0.4254
BRK,2010Q1,Energy,0.034300000000000004
BRK,2010Q1,Financials,0.3802
BRK,2010Q1,Healthcare,0.030600000000000002
BRK,2010Q1,Industrials,0.0645
BRK,2010Q1,Materials,0.0058
BRK,2010Q1,Real Estate,0.0042
BRK,2010Q1,Unknown,0.0085
BRK,2010Q2,Consumer Discretionary,0.0111
BRK,2010Q2,Consumer Staples,0.4255
BRK,2010Q2,Energy,0.0308
BRK,2010Q2,Financials,0.3622
BRK,2010Q2,Healthcare,0.0525
BRK,2010Q2,Industrials,0.0661
BRK,2010Q2,Materials,0.0044
BRK,2010Q2,Technology,0.0043
BRK,2010Q2,Unknown,0.0042
BRK,2010Q3,Consumer Discretionary,0.006
BRK,2010Q3,Consumer Staples,0.45530000000000004
BRK,2010Q3,Energy,0.0344
BRK,2010Q3,Financials,0.36289999999999994
BRK,2010Q3,Healthcare,0.054400000000000004
BRK,2010Q3,Industrials,0.056299999999999996
BRK,2010Q3,Materials,0.0046
BRK,2010Q3,Technology,0.0043
BRK,2010Q3,Unknown,0.0032
BRK,2010Q4,Consumer Staples,0.4535
BRK,2010Q4,Energy,0.0377
BRK,2010Q4,Financials,0.3876
BRK,2010Q4,Healthcare,0.053799999999999994
BRK,2010Q4,Industrials,0.0591
BRK,2010Q4,Materials,0.0055000000000000005
BRK,2011Q1,Consumer Staples,0.43510000000000004
BRK,2011Q1,Energy,0.042800000000000005
BRK,2011Q1,Financials,0.38949999999999996
BRK,2011Q1,Healthcare,0.049100000000000005
BRK,2011Q1,Industrials,0.0596
BRK,2011Q1,Materials,0.0052
BRK,2011Q1,Technology,0.013600000000000001
BRK,2011Q2,Consumer Staples,0.4286
BRK,2011Q2,Energy,0.038599999999999995
BRK,2011Q2,Financials,0.377
BRK,2011Q2,Healthcare,0.053
BRK,2011Q2,Industrials,0.0172
BRK,2011Q2,Materials,0.0043
BRK,2011Q2,Technology,0.0753
BRK,2011Q3,Communication Services,0.003
BRK,2011Q3,Consumer Staples,0.4051
BRK,2011Q3,Energy,0.031200000000000002
BRK,2011Q3,Financials,0.3148
BRK,2011Q3,Healthcare,0.0436
BRK,2011Q3,Industrials,0.0126
BRK,2011Q3,Technology,0.17320000000000002
BRK,2011Q4,Communication Services,0.0132
BRK,2011Q4,Consumer Staples,0.3789
BRK,2011Q4,Energy,0.0321
BRK,2011Q4,Financials,0.32130000000000003
BRK,2011Q4,Healthcare,0.0363
BRK,2011Q4,Industrials,0.0137
BRK,2011Q4,Technology,0.18180000000000002
BRK,2012Q1,Communication Services,0.0151
BRK,2012Q1,Consumer Staples,0.3446
BRK,2012Q1,Energy,0.0294
BRK,2012Q1,Financials,0.3509
BRK,2012Q1,Healthcare,0.0368
BRK,2012Q1,Industrials,0.0124
BRK,2012Q1,Materials,0.0039000000000000003
BRK,2012Q1,Technology,0.1784
BRK,2012Q2,Communication Services,0.0252
BRK,2012Q2,Consumer Staples,0.33940000000000003
BRK,2012Q2,Energy,0.0338
BRK,2012Q2,Financials,0.35769999999999996
BRK,2012Q2,Healthcare,0.021699999999999997
BRK,2012Q2,Industrials,0.0087
BRK,2012Q2,Materials,0.0044
BRK,2012Q2,Technology,0.1754
BRK,2012Q3,Communication Services,0.0282
BRK,2012Q3,Consumer Staples,0.3183
BRK,2012Q3,Energy,0.035
BRK,2012Q3,Financials,0.3654
BRK,2012Q3,Healthcare,0.013999999999999999
BRK,2012Q3,Industrials,0.0083
BRK,2012Q3,Materials,0.005
BRK,2012Q3,Technology,0.1859
BRK,2012Q3,Unknown,0.0054
BRK,2012Q4,Communication Services,0.0314
BRK,2012Q4,Consumer Discretionary,0.0096
BRK,2012Q4,Consumer Staples,0.2888
BRK,2012Q4,Energy,0.0378
BRK,2012Q4,Financials,0.374
BRK,2012Q4,Healthcare,0.02
BRK,2012Q4,Industrials,0.0084
BRK,2012Q4,Materials,0.0064
BRK,2012Q4,Technology,0.1732
BRK,2012Q4,Unknown,0.0053
BRK,2013Q1,Communication Services,0.0322
BRK,2013Q1,Consumer Discretionary,0.008199999999999999
BRK,2013Q1,Consumer Staples,0.28700000000000003
BRK,2013Q1,Energy,0.045700000000000005
BRK,2013Q1,Financials,0.37470000000000003
BRK,2013Q1,Healthcare,0.0209
BRK,2013Q1,Industrials,0.0091
BRK,2013Q1,Technology,0.1709
BRK,2013Q1,Unknown,0.0055000000000000005
BRK,2013Q2,Communication Services,0.0328
BRK,2013Q2,Consumer Discretionary,0.014499999999999999
BRK,2013Q2,Consumer Staples,0.2588
BRK,2013Q2,Energy,0.0707
BRK,2013Q2,Financials,0.3928
BRK,2013Q2,Healthcare,0.0197
BRK,2013Q2,Industrials,0.015300000000000001
BRK,2013Q2,Technology,0.1417
BRK,2013Q3,Communication Services,0.03270000000000001
BRK,2013Q3,Consumer Discretionary,0.015600000000000001
BRK,2013Q3,Consumer Staples,0.2476
BRK,2013Q3,Energy,0.0793
BRK,2013Q3,Financials,0.3908
BRK,2013Q3,Healthcare,0.0194
BRK,2013Q3,Industrials,0.0185
BRK,2013Q3,Technology,0.1371
BRK,2013Q4,Communication Services,0.0315
BRK,2013Q4,Consumer Discretionary,0.015600000000000001
BRK,2013Q4,Consumer Staples,0.2357
BRK,2013Q4,Energy,0.0672
BRK,2013Q4,Financials,0.41059999999999997
BRK,2013Q4,Healthcare,0.022000000000000002
BRK,2013Q4,Industrials,0.0185
BRK,2013Q4,Materials,0.009399999999999999
BRK,2013Q4,Technology,0.1219
BRK,2014Q1,Communication Services,0.0315
BRK,2014Q1,Consumer Discretionary,0.0098
BRK,2014Q1,Consumer Staples,0.2283
BRK,2014Q1,Energy,0.0525
BRK,2014Q1,Financials,0.4256
BRK,2014Q1,Healthcare,0.0245
BRK,2014Q1,Industrials,0.0194
BRK,2014Q1,Materials,0.0108
BRK,2014Q1,Technology,0.1244
BRK,2014Q2,Communication Services,0.025300000000000003
BRK,2014Q2,Consumer Discretionary,0.0111
BRK,2014Q2,Consumer Staples,0.23709999999999998
BRK,2014Q2,Energy,0.045
BRK,2014Q2,Financials,0.447
BRK,2014Q2,Healthcare,0.0253
BRK,2014Q2,Industrials,0.0068000000000000005
BRK,2014Q2,Materials,0.0109
BRK,2014Q2,Technology,0.1182
BRK,2014Q2,Unknown,0.0060999999999999995
BRK,2014Q3,Communication Services,0.0377
BRK,2014Q3,Consumer Discretionary,0.0118
BRK,2014Q3,Consumer Staples,0.24080000000000001
BRK,2014Q3,Energy,0.04189999999999999
BRK,2014Q3,Financials,0.4325
BRK,2014Q3,Healthcare,0.0254
BRK,2014Q3,Materials,0.009899999999999999
BRK,2014Q3,Technology,0.13
BRK,2014Q4,Communication Services,0.0407
BRK,2014Q4,Consumer Discretionary,0.0131
BRK,2014Q4,Consumer Staples,0.2458
BRK,2014Q4,Energy,0.006500000000000001
BRK,2014Q4,Financials,0.4464
BRK,2014Q4,Healthcare,0.026699999999999998
BRK,2014Q4,Industrials,0.0138
BRK,2014Q4,Materials,0.01
BRK,2014Q4,Technology,0.11969999999999999
BRK,2014Q4,Unknown,0.0063
BRK,2015Q1,Communication Services,0.0425
BRK,2015Q1,Consumer Discretionary,0.0144
BRK,2015Q1,Consumer Staples,0.2382
BRK,2015Q1,Financials,0.4438
BRK,2015Q1,Healthcare,0.029300000000000003
BRK,2015Q1,Industrials,0.014199999999999999
BRK,2015Q1,Materials,0.0097
BRK,2015Q1,Technology,0.1273
BRK,2015Q1,Unknown,0.008199999999999999
BRK,2015Q2,Communication Services,0.0463
BRK,2015Q2,Consumer Discretionary,0.0125
BRK,2015Q2,Consumer Staples,0.22
BRK,2015Q2,Energy,0.0218
BRK,2015Q2,Financials,0.4389
BRK,2015Q2,Healthcare,0.027999999999999997
BRK,2015Q2,Industrials,0.015300000000000001
BRK,2015Q2,Materials,0.009899999999999999
BRK,2015Q2,Technology,0.1254
BRK,2015Q2,Unknown,0.0077
BRK,2015Q3,Communication Services,0.0294
BRK,2015Q3,Consumer Discretionary,0.0118
BRK,2015Q3,Consumer Staples,0.3648
BRK,2015Q3,Energy,0.0434
BRK,2015Q3,Financials,0.339
BRK,2015Q3,Healthcare,0.0219
BRK,2015Q3,Industrials,0.009899999999999999
BRK,2015Q3,Materials,0.008100000000000001
BRK,2015Q3,Technology,0.0994
BRK,2015Q3,Unknown,0.0076
BRK,2015Q4,Communication Services,0.0265
BRK,2015Q4,Consumer Discretionary,0.0129
BRK,2015Q4,Consumer Staples,0.3679
BRK,2015Q4,Energy,0.0381
BRK,2015Q4,Financials,0.3454
BRK,2015Q4,Healthcare,0.0204
BRK,2015Q4,Industrials,0.0132
BRK,2015Q4,Materials,0.0072
BRK,2015Q4,Technology,0.0932
BRK,2015Q4,Unknown,0.0074
BRK,2016Q1,Communication Services,0.0226
BRK,2016Q1,Consumer Discretionary,0.012199999999999999
BRK,2016Q1,Consumer Staples,0.3727
BRK,2016Q1,Energy,0.0574
BRK,2016Q1,Financials,0.31770000000000004
BRK,2016Q1,Healthcare,0.022000000000000002
BRK,2016Q1,Industrials,0.0139
BRK,2016Q1,Materials,0.0075
BRK,2016Q1,Technology,0.1129
BRK,2016Q2,Communication Services,0.023
BRK,2016Q2,Consumer Discretionary,0.0109
BRK,2016Q2,Consumer Staples,0.3845
BRK,2016Q2,Energy,0.0482
BRK,2016Q2,Financials,0.31489999999999996
BRK,2016Q2,Healthcare,0.023
BRK,2016Q2,Industrials,0.0137
BRK,2016Q2,Materials,0.008100000000000001
BRK,2016Q2,Technology,0.1149
BRK,2016Q3,Communication Services,0.019799999999999998
BRK,2016Q3,Consumer Discretionary,0.0123
BRK,2016Q3,Consumer Staples,0.365
BRK,2016Q3,Energy,0.050499999999999996
BRK,2016Q3,Financials,0.31629999999999997
BRK,2016Q3,Healthcare,0.019799999999999998
BRK,2016Q3,Industrials,0.0202
BRK,2016Q3,Materials,0.0078000000000000005
BRK,2016Q3,Technology,0.1215
BRK,2016Q4,Communication Services,0.0184
BRK,2016Q4,Consumer Discretionary,0.0118
BRK,2016Q4,Consumer Staples,0.3042
BRK,2016Q4,Energy,0.0471
BRK,2016Q4,Financials,0.3243
BRK,2016Q4,Healthcare,0.0167
BRK,2016Q4,Industrials,0.0633
BRK,2016Q4,Materials,0.0076
BRK,2016Q4,Technology,0.1427
BRK,2017Q1,Communication Services,0.0191
BRK,2017Q1,Consumer Discretionary,0.0109
BRK,2017Q1,Consumer Staples,0.2876
BRK,2017Q1,Energy,0.0395
BRK,2017Q1,Financials,0.3084
BRK,2017Q1,Healthcare,0.016200000000000003
BRK,2017Q1,Industrials,0.056900000000000006
BRK,2017Q1,Materials,0.0077
BRK,2017Q1,Technology,0.1913
BRK,2017Q2,Communication Services,0.0276
BRK,2017Q2,Consumer Discretionary,0.0129
BRK,2017Q2,Consumer Staples,0.28259999999999996
BRK,2017Q2,Energy,0.0412
BRK,2017Q2,Financials,0.31520000000000004
BRK,2017Q2,Healthcare,0.0154
BRK,2017Q2,Industrials,0.0636
BRK,2017Q2,Technology,0.1743
BRK,2017Q3,Communication Services,0.0174
BRK,2017Q3,Consumer Discretionary,0.013600000000000001
BRK,2017Q3,Consumer Staples,0.2434
BRK,2017Q3,Energy,0.0416
BRK,2017Q3,Financials,0.3927
BRK,2017Q3,Healthcare,0.0129
BRK,2017Q3,Industrials,0.051699999999999996
BRK,2017Q3,Technology,0.15430000000000002
BRK,2017Q4,Communication Services,0.0149
BRK,2017Q4,Consumer Discretionary,0.010700000000000001
BRK,2017Q4,Consumer Staples,0.2284
BRK,2017Q4,Energy,0.042699999999999995
BRK,2017Q4,Financials,0.404
BRK,2017Q4,Healthcare,0.0146
BRK,2017Q4,Industrials,0.0543
BRK,2017Q4,Materials,0.0079
BRK,2017Q4,Technology,0.15410000000000001
BRK,2018Q1,Communication Services,0.013500000000000002
BRK,2018Q1,Consumer Discretionary,0.0096
BRK,2018Q1,Consumer Staples,0.19929999999999998
BRK,2018Q1,Energy,0.0232
BRK,2018Q1,Financials,0.3862
BRK,2018Q1,Healthcare,0.013500000000000002
BRK,2018Q1,Industrials,0.0528
BRK,2018Q1,Materials,0.0083
BRK,2018Q1,Technology,0.2127
BRK,2018Q1,Unknown,0.011699999999999999
BRK,2018Q2,Communication Services,0.011200000000000002
BRK,2018Q2,Consumer Discretionary,0.0104
BRK,2018Q2,Consumer Staples,0.19430000000000003
BRK,2018Q2,Energy,0.0199
BRK,2018Q2,Financials,0.38199999999999995
BRK,2018Q2,Healthcare,0.0137
BRK,2018Q2,Industrials,0.049
BRK,2018Q2,Materials,0.0086
BRK,2018Q2,Technology,0.2475
BRK,2018Q3,Communication Services,0.0108
BRK,2018Q3,Consumer Discretionary,0.008
BRK,2018Q3,Consumer Staples,0.1648
BRK,2018Q3,Financials,0.3984
BRK,2018Q3,Healthcare,0.0125
BRK,2018Q3,Industrials,0.0516
BRK,2018Q3,Technology,0.277
BRK,2018Q4,Communication Services,0.0109
BRK,2018Q4,Consumer Discretionary,0.0132
BRK,2018Q4,Consumer Staples,0.18009999999999998
BRK,2018Q4,Financials,0.4223
BRK,2018Q4,Healthcare,0.0108
BRK,2018Q4,Industrials,0.0495
BRK,2018Q4,Materials,0.0091
BRK,2018Q4,Technology,0.22560000000000002
BRK,2019Q1,Communication Services,0.009899999999999999
BRK,2019Q1,Consumer Discretionary,0.0134
BRK,2019Q1,Consumer Staples,0.1473
BRK,2019Q1,Financials,0.43660000000000004
BRK,2019Q1,Healthcare,0.0105
BRK,2019Q1,Industrials,0.0412
BRK,2019Q1,Materials,0.0085
BRK,2019Q1,Technology,0.2495
BRK,2019Q2,Communication Services,0.0103
BRK,2019Q2,Consumer Discretionary,0.0134
BRK,2019Q2,Consumer Staples,0.1465
BRK,2019Q2,Financials,0.4449
BRK,2019Q2,Healthcare,0.0104
BRK,2019Q2,Industrials,0.0484
BRK,2019Q2,Technology,0.25039999999999996
BRK,2019Q3,Communication Services,0.0104
BRK,2019Q3,Consumer Discretionary,0.0126
BRK,2019Q3,Consumer Staples,0.1438
BRK,2019Q3,Financials,0.438
BRK,2019Q3,Healthcare,0.0103
BRK,2019Q3,Industrials,0.0415
BRK,2019Q3,Technology,0.271
BRK,2019Q4,Communication Services,0.0171
BRK,2019Q4,Consumer Discretionary,0.0113
BRK,2019Q4,Consumer Staples,0.1347
BRK,2019Q4,Financials,0.41150000000000003
BRK,2019Q4,Healthcare,0.012
BRK,2019Q4,Industrials,0.0371
BRK,2019Q4,Technology,0.3077
BRK,2020Q1,Communication Services,0.013500000000000002
BRK,2020Q1,Consumer Discretionary,0.014700000000000001
BRK,2020Q1,Consumer Staples,0.1537
BRK,2020Q1,Financials,0.3557
BRK,2020Q1,Healthcare,0.0165
BRK,2020Q1,Industrials,0.0226
BRK,2020Q1,Technology,0.3683
BRK,2020Q2,Communication Services,0.0205
BRK,2020Q2,Consumer Discretionary,0.0166
BRK,2020Q2,Consumer Staples,0.1498
BRK,2020Q2,Financials,0.3076
BRK,2020Q2,Healthcare,0.0149
BRK,2020Q2,Technology,0.45489999999999997
BRK,2020Q3,Communication Services,0.028499999999999998
BRK,2020Q3,Consumer Discretionary,0.0171
BRK,2020Q3,Consumer Staples,0.125
BRK,2020Q3,Energy,0.013500000000000002
BRK,2020Q3,Financials,0.24960000000000002
BRK,2020Q3,Healthcare,0.0366
BRK,2020Q3,Technology,0.4746
BRK,2020Q4,Communication Services,0.051699999999999996
BRK,2020Q4,Consumer Discretionary,0.011200000000000002
BRK,2020Q4,Consumer Staples,0.12310000000000001
BRK,2020Q4,Energy,0.0152
BRK,2020Q4,Financials,0.2499
BRK,2020Q4,Healthcare,0.0422
BRK,2020Q4,Technology,0.4528
BRK,2021Q1,Communication Services,0.0531
BRK,2021Q1,Consumer Discretionary,0.0203
BRK,2021Q1,Consumer Staples,0.133
BRK,2021Q1,Energy,0.0092
BRK,2021Q1,Financials,0.298
BRK,2021Q1,Healthcare,0.0308
BRK,2021Q1,Technology,0.4101
BRK,2021Q2,Communication Services,0.05
BRK,2021Q2,Consumer Discretionary,0.0184
BRK,2021Q2,Consumer Staples,0.1273
BRK,2021Q2,Energy,0.0083
BRK,2021Q2,Financials,0.3039
BRK,2021Q2,Healthcare,0.028700000000000003
BRK,2021Q2,Technology,0.42460000000000003
BRK,2021Q3,Communication Services,0.0466
BRK,2021Q3,Consumer Discretionary,0.016800000000000002
BRK,2021Q3,Consumer Staples,0.12090000000000001
BRK,2021Q3,Energy,0.009899999999999999
BRK,2021Q3,Financials,0.3083
BRK,2021Q3,Healthcare,0.0196
BRK,2021Q3,Technology,0.4431
BRK,2021Q4,Communication Services,0.039
BRK,2021Q4,Consumer Discretionary,0.016
BRK,2021Q4,Consumer Staples,0.1153
BRK,2021Q4,Energy,0.013600000000000001
BRK,2021Q4,Financials,0.2837
BRK,2021Q4,Healthcare,0.0124
BRK,2021Q4,Technology,0.49210000000000004
BRK,2022Q1,Communication Services,0.0183
BRK,2022Q1,Consumer Discretionary,0.0075
BRK,2022Q1,Consumer Staples,0.1127
BRK,2022Q1,Energy,0.0926
BRK,2022Q1,Financials,0.2519
BRK,2022Q1,Healthcare,0.011200000000000002
BRK,2022Q1,Technology,0.4461
BRK,2022Q1,Unknown,0.014199999999999999
BRK,2022Q2,Communication Services,0.012400000000000001
BRK,2022Q2,Consumer Discretionary,0.005600000000000001
BRK,2022Q2,Consumer Staples,0.1335
BRK,2022Q2,Energy,0.109
BRK,2022Q2,Financials,0.2396
BRK,2022Q2,Healthcare,0.0096
BRK,2022Q2,Technology,0.4261
BRK,2022Q2,Unknown,0.0177
BRK,2022Q3,Communication Services,0.0114
BRK,2022Q3,Consumer Discretionary,0.0054
BRK,2022Q3,Consumer Staples,0.1198
BRK,2022Q3,Energy,0.1205
BRK,2022Q3,Financials,0.2189
BRK,2022Q3,Healthcare,0.0101
BRK,2022Q3,Technology,0.4478
BRK,2022Q3,Unknown,0.0151
BRK,2022Q4,Communication Services,0.011
BRK,2022Q4,Consumer Discretionary,0.005600000000000001
BRK,2022Q4,Consumer Staples,0.1369
BRK,2022Q4,Energy,0.1387
BRK,2022Q4,Financials,0.2329
BRK,2022Q4,Healthcare,0.009000000000000001
BRK,2022Q4,Technology,0.4072
BRK,2022Q4,Unknown,0.013500000000000002
BRK,2023Q1,Communication Services,0.0106
BRK,2023Q1,Consumer Discretionary,0.0045000000000000005
BRK,2023Q1,Consumer Staples,0.12259999999999999
BRK,2023Q1,Energy,0.1072
BRK,2023Q1,Financials,0.2135
BRK,2023Q1,Healthcare,0.009000000000000001
BRK,2023Q1,Technology,0.4836
BRK,2023Q1,Unknown,0.013000000000000001
BRK,2023Q2,Communication Services,0.0124
BRK,2023Q2,Consumer Discretionary,0.004
BRK,2023Q2,Consumer Staples,0.1091
BRK,2023Q2,Energy,0.0934
BRK,2023Q2,Financials,0.2074
BRK,2023Q2,Healthcare,0.0104
BRK,2023Q2,Technology,0.529
BRK,2023Q3,Communication Services,0.0091
BRK,2023Q3,Consumer Discretionary,0.004
BRK,2023Q3,Consumer Staples,0.11299999999999999
BRK,2023Q3,Energy,0.1052
BRK,2023Q3,Financials,0.21430000000000002
BRK,2023Q3,Healthcare,0.0108
BRK,2023Q3,Technology,0.5143
BRK,2023Q4,Communication Services,0.007699999999999999
BRK,2023Q4,Consumer Discretionary,0.0043
BRK,2023Q4,Consumer Staples,0.1077
BRK,2023Q4,Energy,0.0948
BRK,2023Q4,Financials,0.24340000000000003
BRK,2023Q4,Healthcare,0.010700000000000001
BRK,2023Q4,Technology,0.5064
BRK,2024Q1,Communication Services,0.0059
BRK,2024Q1,Consumer Discretionary,0.0054
BRK,2024Q1,Consumer Staples,0.11860000000000001
BRK,2024Q1,Energy,0.1071
BRK,2024Q1,Financials,0.3086
BRK,2024Q1,Healthcare,0.015
BRK,2024Q1,Technology,0.4154
BRK,2024Q2,Communication Services,0.0055000000000000005
BRK,2024Q2,Consumer Discretionary,0.0069
BRK,2024Q2,Consumer Staples,0.1373
BRK,2024Q2,Energy,0.1238
BRK,2024Q2,Financials,0.3745
BRK,2024Q2,Healthcare,0.0179
BRK,2024Q2,Technology,0.309
BRK,2024Q3,Communication Services,0.009300000000000001
BRK,2024Q3,Consumer Discretionary,0.006999999999999999
BRK,2024Q3,Consumer Staples,0.1616
BRK,2024Q3,Energy,0.11499999999999999
BRK,2024Q3,Financials,0.3903
BRK,2024Q3,Healthcare,0.0222
BRK,2024Q3,Technology,0.27149999999999996
BRK,2024Q4,Communication Services,0.01
BRK,2024Q4,Consumer Discretionary,0.008199999999999999
BRK,2024Q4,Consumer Staples,0.1467
BRK,2024Q4,Energy,0.1132
BRK,2024Q4,Financials,0.3841
BRK,2024Q4,Healthcare,0.0202
BRK,2024Q4,Technology,0.2915
BRK,2025Q1,Communication Services,0.0104
BRK,2025Q1,Consumer Discretionary,0.0119
BRK,2025Q1,Consumer Staples,0.1699
BRK,2025Q1,Energy,0.1267
BRK,2025Q1,Financials,0.3648
BRK,2025Q1,Healthcare,0.0207
BRK,2025Q1,Technology,0.2695
BRK,2025Q2,Communication Services,0.010700000000000001
BRK,2025Q2,Consumer Discretionary,0.0085
BRK,2025Q2,Consumer Staples,0.1649
BRK,2025Q2,Energy,0.1111
BRK,2025Q2,Financials,0.4092
BRK,2025Q2,Healthcare,0.024800000000000003
BRK,2025Q2,Technology,0.238
BRK,2025Q3,Communication Services,0.027100000000000003
BRK,2025Q3,Consumer Discretionary,0.008199999999999999
BRK,2025Q3,Consumer Staples,0.1503
BRK,2025Q3,Energy,0.1177
BRK,2025Q3,Financials,0.39990000000000003
BRK,2025Q3,Healthcare,0.0225
BRK,2025Q3,Technology,0.2363
BRK,2025Q4,Communication Services,0.029500000000000002
BRK,2025Q4,Consumer Discretionary,0.0051
BRK,2025Q4,Consumer Staples,0.1487
BRK,2025Q4,Energy,0.1121
BRK,2025Q4,Financials,0.4186
BRK,2025Q4,Healthcare,0.019299999999999998
BRK,2025Q4,Technology,0.234
BRK,2026Q1,Communication Services,0.0827
BRK,2026Q1,Consumer Staples,0.1572
BRK,2026Q1,Energy,0.13190000000000002
BRK,2026Q1,Financials,0.3621
BRK,2026Q1,Healthcare,0.0176
BRK,2026Q1,Industrials,0.0101
BRK,2026Q1,Technology,0.2284
BRK,2026Q2,Communication Services,0.1459
BRK,2026Q2,Consumer Discretionary,0.004
BRK,2026Q2,Consumer Staples,0.1415
BRK,2026Q2,Energy,0.0897
BRK,2026Q2,Financials,0.3438
BRK,2026Q2,Healthcare,0.0215
BRK,2026Q2,Industrials,0.0179
BRK,2026Q2,Technology,0.22799999999999998
DA,2016Q4,Communication Services,0.20120000000000002
DA,2016Q4,Financials,0.162
DA,2016Q4,Industrials,0.1953
DA,2016Q4,Technology,0.4415
DA,2017Q1,Communication Services,0.2918
DA,2017Q1,Consumer Staples,0.10980000000000001
DA,2017Q1,Financials,0.1073
DA,2017Q1,Industrials,0.12539999999999998
DA,2017Q1,Technology,0.36560000000000004
DA,2017Q2,Communication Services,0.3892
DA,2017Q2,Consumer Staples,0.0942
DA,2017Q2,Financials,0.0958
DA,2017Q2,Industrials,0.11410000000000001
DA,2017Q2,Technology,0.3067
DA,2017Q3,Communication Services,0.3699
DA,2017Q3,Consumer Staples,0.1751
DA,2017Q3,Industrials,0.109
DA,2017Q3,Technology,0.34609999999999996
DA,2017Q4,Communication Services,0.39280000000000004
DA,2017Q4,Consumer Staples,0.20389999999999997
DA,2017Q4,Industrials,0.1595
DA,2017Q4,Technology,0.24380000000000002
DA,2018Q1,Communication Services,0.3421
DA,2018Q1,Consumer Discretionary,0.1233
DA,2018Q1,Consumer Staples,0.09880000000000001
DA,2018Q1,Industrials,0.20500000000000002
DA,2018Q1,Technology,0.2309
DA,2018Q2,Communication Services,0.39799999999999996
DA,2018Q2,Consumer Discretionary,0.0337
DA,2018Q2,Consumer Staples,0.12119999999999999
DA,2018Q2,Financials,0.095
DA,2018Q2,Industrials,0.16290000000000002
DA,2018Q2,Technology,0.1892
DA,2018Q3,Communication Services,0.3635
DA,2018Q3,Consumer Discretionary,0.0286
DA,2018Q3,Consumer Staples,0.1013
DA,2018Q3,Financials,0.09359999999999999
DA,2018Q3,Industrials,0.1306
DA,2018Q3,Technology,0.2823
DA,2018Q4,Communication Services,0.4416
DA,2018Q4,Consumer Discretionary,0.0323
DA,2018Q4,Consumer Staples,0.0728
DA,2018Q4,Financials,0.1117
DA,2018Q4,Industrials,0.0625
DA,2018Q4,Technology,0.2792
DA,2019Q1,Communication Services,0.38830000000000003
DA,2019Q1,Consumer Discretionary,0.1669
DA,2019Q1,Financials,0.13140000000000002
DA,2019Q1,Industrials,0.08130000000000001
DA,2019Q1,Technology,0.2322
DA,2019Q2,Communication Services,0.3383
DA,2019Q2,Consumer Discretionary,0.1726
DA,2019Q2,Financials,0.08039999999999999
DA,2019Q2,Industrials,0.057300000000000004
DA,2019Q2,Technology,0.1751
DA,2019Q2,Unknown,0.1764
DA,2019Q3,Communication Services,0.31060000000000004
DA,2019Q3,Consumer Discretionary,0.189
DA,2019Q3,Financials,0.098
DA,2019Q3,Industrials,0.058600000000000006
DA,2019Q3,Technology,0.1399
DA,2019Q3,Unknown,0.20390000000000003
DA,2019Q4,Communication Services,0.30400000000000005
DA,2019Q4,Consumer Discretionary,0.199
DA,2019Q4,Financials,0.0926
DA,2019Q4,Technology,0.1328
DA,2019Q4,Unknown,0.2716
DA,2020Q1,Communication Services,0.5011
DA,2020Q1,Consumer Discretionary,0.0843
DA,2020Q1,Financials,0.0613
DA,2020Q1,Technology,0.1413
DA,2020Q1,Unknown,0.21209999999999998
DA,2020Q2,Communication Services,0.4929
DA,2020Q2,Consumer Discretionary,0.0533
DA,2020Q2,Financials,0.0701
DA,2020Q2,Technology,0.26549999999999996
DA,2020Q2,Unknown,0.1182
DA,2020Q3,Communication Services,0.5261
DA,2020Q3,Consumer Discretionary,0.1073
DA,2020Q3,Financials,0.0745
DA,2020Q3,Technology,0.2208
DA,2020Q3,Unknown,0.0714
DA,2020Q4,Communication Services,0.4679
DA,2020Q4,Consumer Discretionary,0.1733
DA,2020Q4,Financials,0.0785
DA,2020Q4,Technology,0.2804
DA,2021Q1,Communication Services,0.38539999999999996
DA,2021Q1,Consumer Discretionary,0.1901
DA,2021Q1,Financials,0.1182
DA,2021Q1,Technology,0.3063
DA,2021Q2,Communication Services,0.41269999999999996
DA,2021Q2,Consumer Discretionary,0.154
DA,2021Q2,Financials,0.1206
DA,2021Q2,Technology,0.3127
DA,2021Q3,Communication Services,0.40700000000000003
DA,2021Q3,Consumer Discretionary,0.1009
DA,2021Q3,Financials,0.1292
DA,2021Q3,Technology,0.3629
DA,2021Q4,Communication Services,0.3604
DA,2021Q4,Consumer Discretionary,0.0679
DA,2021Q4,Financials,0.0919
DA,2021Q4,Technology,0.43179999999999996
DA,2021Q4,Unknown,0.048
DA,2022Q1,Communication Services,0.4396
DA,2022Q1,Consumer Discretionary,0.0713
DA,2022Q1,Financials,0.0823
DA,2022Q1,Technology,0.3558
DA,2022Q1,Unknown,0.051100000000000007
DA,2022Q2,Communication Services,0.5315
DA,2022Q2,Financials,0.0645
DA,2022Q2,Technology,0.3443
DA,2022Q2,Unknown,0.059800000000000006
DA,2022Q3,Communication Services,0.4375
DA,2022Q3,Financials,0.08109999999999999
DA,2022Q3,Technology,0.38680000000000003
DA,2022Q3,Unknown,0.0946
DA,2022Q4,Communication Services,0.48160000000000003
DA,2022Q4,Financials,0.07719999999999999
DA,2022Q4,Technology,0.44120000000000004
DA,2023Q1,Communication Services,0.5281
DA,2023Q1,Financials,0.061900000000000004
DA,2023Q1,Technology,0.41019999999999995
DA,2023Q2,Communication Services,0.5571
DA,2023Q2,Financials,0.057300000000000004
DA,2023Q2,Industrials,0.036699999999999997
DA,2023Q2,Technology,0.3489
DA,2023Q3,Communication Services,0.473
DA,2023Q3,Consumer Staples,0.0377
DA,2023Q3,Financials,0.0993
DA,2023Q3,Industrials,0.0673
DA,2023Q3,Technology,0.32280000000000003
DA,2023Q4,Communication Services,0.3846
DA,2023Q4,Financials,0.09699999999999999
DA,2023Q4,Healthcare,0.0935
DA,2023Q4,Industrials,0.0989
DA,2023Q4,Technology,0.3261
DA,2024Q1,Communication Services,0.35120000000000007
DA,2024Q1,Consumer Discretionary,0.08529999999999999
DA,2024Q1,Financials,0.0944
DA,2024Q1,Healthcare,0.0901
DA,2024Q1,Industrials,0.087
DA,2024Q1,Technology,0.2918
DA,2024Q2,Communication Services,0.2806
DA,2024Q2,Consumer Discretionary,0.1072
DA,2024Q2,Financials,0.0828
DA,2024Q2,Healthcare,0.09119999999999999
DA,2024Q2,Industrials,0.0697
DA,2024Q2,Technology,0.36869999999999997
DA,2024Q3,Communication Services,0.3531
DA,2024Q3,Consumer Discretionary,0.1
DA,2024Q3,Financials,0.0978
DA,2024Q3,Healthcare,0.0892
DA,2024Q3,Industrials,0.0732
DA,2024Q3,Technology,0.2866
DA,2024Q4,Communication Services,0.3025
DA,2024Q4,Consumer Discretionary,0.124
DA,2024Q4,Financials,0.11449999999999999
DA,2024Q4,Healthcare,0.0934
DA,2024Q4,Industrials,0.0533
DA,2024Q4,Technology,0.31229999999999997
DA,2025Q1,Communication Services,0.25670000000000004
DA,2025Q1,Consumer Discretionary,0.22970000000000002
DA,2025Q1,Financials,0.0593
DA,2025Q1,Healthcare,0.1502
DA,2025Q1,Industrials,0.1233
DA,2025Q1,Technology,0.1809
DA,2025Q2,Communication Services,0.26749999999999996
DA,2025Q2,Consumer Discretionary,0.21359999999999998
DA,2025Q2,Healthcare,0.23600000000000002
DA,2025Q2,Industrials,0.14279999999999998
DA,2025Q2,Technology,0.14
DA,2025Q3,Communication Services,0.22089999999999999
DA,2025Q3,Consumer Discretionary,0.1976
DA,2025Q3,Healthcare,0.2933
DA,2025Q3,Industrials,0.1375
DA,2025Q3,Technology,0.1507
DA,2025Q4,Communication Services,0.22600000000000003
DA,2025Q4,Consumer Discretionary,0.1501
DA,2025Q4,Healthcare,0.2934
DA,2025Q4,Industrials,0.1518
DA,2025Q4,Technology,0.1789
DA,2026Q1,Communication Services,0.2479
DA,2026Q1,Consumer Discretionary,0.1175
DA,2026Q1,Financials,0.0754
DA,2026Q1,Healthcare,0.17459999999999998
DA,2026Q1,Industrials,0.237
DA,2026Q1,Technology,0.1476
DA,2026Q2,Communication Services,0.294
DA,2026Q2,Consumer Discretionary,0.166
DA,2026Q2,Financials,0.0825
DA,2026Q2,Healthcare,0.1646
DA,2026Q2,Industrials,0.12669999999999998
DA,2026Q2,Technology,0.1661
HC,2019Q4,Technology,1.0
HC,2020Q1,Consumer Discretionary,0.04769999999999999
HC,2020Q1,Financials,0.3679
HC,2020Q1,Technology,0.5844
HC,2020Q2,Communication Services,0.2442
HC,2020Q2,Financials,0.2759
HC,2020Q2,Technology,0.4799
HC,2020Q3,Communication Services,0.3621
HC,2020Q3,Financials,0.22699999999999998
HC,2020Q3,Technology,0.41090000000000004
HC,2020Q4,Communication Services,0.2274
HC,2020Q4,Consumer Discretionary,0.0355
HC,2020Q4,Financials,0.20629999999999998
HC,2020Q4,Technology,0.5307000000000001
HC,2021Q1,Communication Services,0.17509999999999998
HC,2021Q1,Consumer Discretionary,0.0246
HC,2021Q1,Financials,0.24170000000000003
HC,2021Q1,Technology,0.5586000000000001
HC,2021Q2,Communication Services,0.2023
HC,2021Q2,Consumer Discretionary,0.0225
HC,2021Q2,Financials,0.2486
HC,2021Q2,Technology,0.5267000000000001
HC,2021Q3,Communication Services,0.1971
HC,2021Q3,Consumer Discretionary,0.015300000000000001
HC,2021Q3,Financials,0.35830000000000006
HC,2021Q3,Technology,0.4292
HC,2021Q4,Communication Services,0.2039
HC,2021Q4,Financials,0.3443
HC,2021Q4,Technology,0.4518
HC,2022Q1,Communication Services,0.1827
HC,2022Q1,Financials,0.3859
HC,2022Q1,Technology,0.4314
HC,2022Q2,Communication Services,0.2328
HC,2022Q2,Financials,0.3732
HC,2022Q2,Technology,0.394
HC,2022Q3,Communication Services,0.21989999999999998
HC,2022Q3,Financials,0.3902
HC,2022Q3,Technology,0.38999999999999996
HC,2022Q4,Communication Services,0.2565
HC,2022Q4,Financials,0.39459999999999995
HC,2022Q4,Technology,0.34880000000000005
HC,2023Q1,Communication Services,0.28459999999999996
HC,2023Q1,Financials,0.45199999999999996
HC,2023Q1,Technology,0.26339999999999997
HC,2023Q2,Communication Services,0.37549999999999994
HC,2023Q2,Financials,0.5423
HC,2023Q2,Technology,0.08220000000000001
HC,2023Q3,Communication Services,0.4034
HC,2023Q3,Financials,0.5252
HC,2023Q3,Technology,0.07150000000000001
HC,2023Q4,Communication Services,0.38079999999999997
HC,2023Q4,Financials,0.5480999999999999
HC,2023Q4,Technology,0.071
HC,2024Q1,Communication Services,0.3748
HC,2024Q1,Financials,0.5674999999999999
HC,2024Q1,Technology,0.0576
HC,2024Q2,Communication Services,0.3988
HC,2024Q2,Energy,0.0361
HC,2024Q2,Financials,0.5027
HC,2024Q2,Technology,0.0625
HC,2024Q3,Communication Services,0.37639999999999996
HC,2024Q3,Energy,0.0434
HC,2024Q3,Financials,0.5502
HC,2024Q3,Technology,0.029900000000000003
HC,2024Q4,Communication Services,0.39139999999999997
HC,2024Q4,Energy,0.038
HC,2024Q4,Financials,0.5413
HC,2024Q4,Technology,0.029300000000000003
HC,2025Q1,Communication Services,0.3509
HC,2025Q1,Energy,0.048100000000000004
HC,2025Q1,Financials,0.5899
HC,2025Q1,Technology,0.0111
HC,2025Q2,Communication Services,0.3284
HC,2025Q2,Consumer Discretionary,0.1793
HC,2025Q2,Energy,0.0339
HC,2025Q2,Financials,0.45009999999999994
HC,2025Q2,Technology,0.0084
HC,2025Q3,Communication Services,0.3762
HC,2025Q3,Consumer Discretionary,0.1885
HC,2025Q3,Energy,0.0288
HC,2025Q3,Financials,0.39780000000000004
HC,2025Q3,Technology,0.0087
HC,2025Q4,Communication Services,0.4386
HC,2025Q4,Consumer Discretionary,0.1615
HC,2025Q4,Energy,0.0169
HC,2025Q4,Financials,0.3746
HC,2025Q4,Technology,0.0084
HC,2026Q1,Communication Services,0.4673
HC,2026Q1,Consumer Discretionary,0.1862
HC,2026Q1,Energy,0.0298
HC,2026Q1,Financials,0.3081
HC,2026Q1,Technology,0.0088
HC,2026Q2,Communication Services,0.4943
HC,2026Q2,Consumer Discretionary,0.2506
HC,2026Q2,Financials,0.2466
HC,2026Q2,Technology,0.0086
VFC,2019Q1,Consumer Discretionary,0.004699999999999999
VFC,2019Q1,Financials,0.637
VFC,2019Q1,Technology,0.3583
VFC,2019Q2,Consumer Discretionary,0.0045000000000000005
VFC,2019Q2,Financials,0.6378
VFC,2019Q2,Technology,0.35760000000000003
VFC,2019Q3,Consumer Discretionary,0.0039000000000000003
VFC,2019Q3,Financials,0.6667
VFC,2019Q3,Technology,0.32939999999999997
VFC,2019Q4,Consumer Discretionary,0.0036
VFC,2019Q4,Financials,0.6568
VFC,2019Q4,Technology,0.3396
VFC,2020Q1,Consumer Discretionary,0.0040999999999999995
VFC,2020Q1,Financials,0.6835
VFC,2020Q1,Technology,0.3123
VFC,2020Q2,Consumer Discretionary,0.0034000000000000002
VFC,2020Q2,Financials,0.6815
VFC,2020Q2,Technology,0.3152
VFC,2020Q3,Consumer Discretionary,0.0034000000000000002
VFC,2020Q3,Financials,0.7012
VFC,2020Q3,Technology,0.29550000000000004
VFC,2020Q4,Consumer Discretionary,0.003
VFC,2020Q4,Financials,0.6907
VFC,2020Q4,Technology,0.30610000000000004
VFC,2021Q1,Consumer Discretionary,0.0027
VFC,2021Q1,Financials,0.7034
VFC,2021Q1,Technology,0.2938
VFC,2021Q2,Consumer Discretionary,0.1052
VFC,2021Q2,Financials,0.6496000000000001
VFC,2021Q2,Technology,0.24509999999999998
VFC,2021Q3,Consumer Discretionary,0.1056
VFC,2021Q3,Financials,0.6592
VFC,2021Q3,Technology,0.23520000000000002
VFC,2021Q4,Consumer Discretionary,0.10300000000000001
VFC,2021Q4,Financials,0.6226999999999999
VFC,2021Q4,Technology,0.2742
VFC,2022Q1,Consumer Discretionary,0.1013
VFC,2022Q1,Financials,0.616
VFC,2022Q1,Technology,0.2827
VFC,2022Q2,Consumer Discretionary,0.0776
VFC,2022Q2,Financials,0.644
VFC,2022Q2,Technology,0.2783
VFC,2022Q3,Consumer Discretionary,0.0876
VFC,2022Q3,Financials,0.6159
VFC,2022Q3,Technology,0.2966
VFC,2022Q4,Consumer Discretionary,0.0377
VFC,2022Q4,Financials,0.6316
VFC,2022Q4,Technology,0.3307
VFC,2023Q1,Financials,0.6052
VFC,2023Q1,Technology,0.39480000000000004
VFC,2023Q2,Financials,0.64
VFC,2023Q2,Technology,0.3601
VFC,2023Q3,Financials,0.6099
VFC,2023Q3,Technology,0.39010000000000006
VFC,2023Q4,Financials,0.59
VFC,2023Q4,Technology,0.4099
VFC,2024Q1,Financials,0.5871000000000001
VFC,2024Q1,Technology,0.41290000000000004
VFC,2024Q2,Financials,0.5548
VFC,2024Q2,Technology,0.4452
VFC,2024Q3,Financials,0.5503
VFC,2024Q3,Technology,0.4497
VFC,2024Q4,Financials,0.5730999999999999
VFC,2024Q4,Industrials,0.008100000000000001
VFC,2024Q4,Technology,0.4188
VFC,2025Q1,Financials,0.6084999999999999
VFC,2025Q1,Industrials,0.008
VFC,2025Q1,Technology,0.38349999999999995
VFC,2025Q2,Financials,0.6134000000000001
VFC,2025Q2,Industrials,0.008199999999999999
VFC,2025Q2,Technology,0.3783
VFC,2025Q3,Financials,0.6423
VFC,2025Q3,Industrials,0.0089
VFC,2025Q3,Technology,0.3488
VFC,2025Q4,Financials,0.6341
VFC,2025Q4,Industrials,0.0072
VFC,2025Q4,Technology,0.3587
VFC,2026Q1,Financials,0.6655
VFC,2026Q1,Technology,0.3344
VFC,2026Q2,Financials,0.6173000000000001
VFC,2026Q2,Technology,0.3827
psc,2007Q2,Consumer Discretionary,0.4431
psc,2007Q2,Consumer Staples,0.0437
psc,2007Q2,Financials,0.0023
psc,2007Q2,Unknown,0.511
psc,2007Q3,Consumer Discretionary,0.5916
psc,2007Q3,Consumer Staples,0.0764
psc,2007Q3,Financials,0.0017000000000000001
psc,2007Q3,Unknown,0.3304
psc,2007Q4,Consumer Discretionary,0.5482
psc,2007Q4,Consumer Staples,0.2799
psc,2007Q4,Financials,0.0038
psc,2007Q4,Unknown,0.1681
psc,2008Q1,Consumer Discretionary,0.3916
psc,2008Q1,Consumer Staples,0.52
psc,2008Q1,Financials,0.002
psc,2008Q1,Unknown,0.0864
psc,2008Q2,Consumer Discretionary,0.3019
psc,2008Q2,Consumer Staples,0.3002
psc,2008Q2,Financials,0.0019
psc,2008Q2,Technology,0.1931
psc,2008Q2,Unknown,0.2028
psc,2008Q3,Consumer Discretionary,0.1081
psc,2008Q3,Consumer Staples,0.254
psc,2008Q3,Financials,0.1011
psc,2008Q3,Technology,0.18510000000000001
psc,2008Q3,Unknown,0.3517
psc,2008Q4,Consumer Discretionary,0.10439999999999999
psc,2008Q4,Consumer Staples,0.3883
psc,2008Q4,Financials,0.1587
psc,2008Q4,Real Estate,0.014199999999999999
psc,2008Q4,Technology,0.258
psc,2008Q4,Unknown,0.0764
psc,2009Q1,Consumer Discretionary,0.11009999999999999
psc,2009Q1,Consumer Staples,0.4439
psc,2009Q1,Financials,0.06570000000000001
psc,2009Q1,Real Estate,0.0324
psc,2009Q1,Technology,0.3468
psc,2009Q1,Unknown,0.0013
psc,2009Q2,Consumer Discretionary,0.0808
psc,2009Q2,Consumer Staples,0.4485
psc,2009Q2,Financials,0.002
psc,2009Q2,Technology,0.46869999999999995
psc,2009Q3,Consumer Discretionary,0.1609
psc,2009Q3,Consumer Staples,0.38799999999999996
psc,2009Q3,Financials,0.0015
psc,2009Q3,Industrials,0.053200000000000004
psc,2009Q3,Technology,0.3963
psc,2009Q4,Consumer Discretionary,0.3049
psc,2009Q4,Consumer Staples,0.5303
psc,2009Q4,Financials,0.0031
psc,2009Q4,Industrials,0.1416
psc,2009Q4,Technology,0.0026
psc,2009Q4,Unknown,0.0175
psc,2010Q1,Consumer Discretionary,0.18109999999999998
psc,2010Q1,Consumer Staples,0.6268
psc,2010Q1,Financials,0.002
psc,2010Q1,Industrials,0.0655
psc,2010Q1,Real Estate,0.1162
psc,2010Q1,Unknown,0.0084
psc,2010Q2,Consumer Discretionary,0.0253
psc,2010Q2,Consumer Staples,0.5595
psc,2010Q2,Financials,0.1591
psc,2010Q2,Industrials,0.0596
psc,2010Q2,Real Estate,0.0907
psc,2010Q2,Technology,0.0951
psc,2010Q2,Unknown,0.0109
psc,2010Q3,Consumer Discretionary,0.10880000000000001
psc,2010Q3,Consumer Staples,0.3981
psc,2010Q3,Financials,0.1429
psc,2010Q3,Industrials,0.0668
psc,2010Q3,Real Estate,0.0925
psc,2010Q3,Technology,0.09050000000000001
psc,2010Q3,Unknown,0.10039999999999999
psc,2010Q4,Consumer Discretionary,0.24570000000000003
psc,2010Q4,Consumer Staples,0.1853
psc,2010Q4,Financials,0.12260000000000001
psc,2010Q4,Industrials,0.0356
psc,2010Q4,Real Estate,0.22369999999999998
psc,2010Q4,Technology,0.011399999999999999
psc,2010Q4,Unknown,0.1759
psc,2011Q1,Consumer Discretionary,0.22519999999999998
psc,2011Q1,Consumer Staples,0.1253
psc,2011Q1,Financials,0.1178
psc,2011Q1,Industrials,0.048600000000000004
psc,2011Q1,Real Estate,0.2449
psc,2011Q1,Unknown,0.2384
psc,2011Q2,Consumer Discretionary,0.20920000000000002
psc,2011Q2,Consumer Staples,0.1225
psc,2011Q2,Financials,0.1542
psc,2011Q2,Industrials,0.0268
psc,2011Q2,Real Estate,0.2249
psc,2011Q2,Unknown,0.26249999999999996
psc,2011Q3,Consumer Discretionary,0.2406
psc,2011Q3,Consumer Staples,0.1406
psc,2011Q3,Financials,0.1112
psc,2011Q3,Industrials,0.0539
psc,2011Q3,Real Estate,0.17029999999999998
psc,2011Q3,Unknown,0.28340000000000004
psc,2011Q4,Consumer Discretionary,0.1752
psc,2011Q4,Consumer Staples,0.1018
psc,2011Q4,Financials,0.0885
psc,2011Q4,Healthcare,0.1373
psc,2011Q4,Industrials,0.27490000000000003
psc,2011Q4,Real Estate,0.16000000000000003
psc,2011Q4,Unknown,0.0623
psc,2012Q1,Consumer Discretionary,0.17149999999999999
psc,2012Q1,Consumer Staples,0.073
psc,2012Q1,Financials,0.1183
psc,2012Q1,Healthcare,0.151
psc,2012Q1,Industrials,0.2856
psc,2012Q1,Real Estate,0.1802
psc,2012Q1,Unknown,0.020499999999999997
psc,2012Q2,Consumer Discretionary,0.12869999999999998
psc,2012Q2,Consumer Staples,0.18969999999999998
psc,2012Q2,Financials,0.0043
psc,2012Q2,Healthcare,0.1839
psc,2012Q2,Industrials,0.27759999999999996
psc,2012Q2,Real Estate,0.21579999999999996
psc,2012Q3,Consumer Discretionary,0.1756
psc,2012Q3,Consumer Staples,0.22940000000000002
psc,2012Q3,Healthcare,0.1418
psc,2012Q3,Industrials,0.2509
psc,2012Q3,Real Estate,0.2023
psc,2012Q4,Consumer Discretionary,0.15550000000000003
psc,2012Q4,Consumer Staples,0.22740000000000002
psc,2012Q4,Healthcare,0.1411
psc,2012Q4,Industrials,0.2824
psc,2012Q4,Real Estate,0.1935
psc,2013Q1,Consumer Discretionary,0.13240000000000002
psc,2013Q1,Consumer Staples,0.2338
psc,2013Q1,Healthcare,0.1324
psc,2013Q1,Industrials,0.3229
psc,2013Q1,Real Estate,0.1786
psc,2013Q2,Consumer Discretionary,0.1568
psc,2013Q2,Consumer Staples,0.0762
psc,2013Q2,Healthcare,0.14550000000000002
psc,2013Q2,Industrials,0.3255
psc,2013Q2,Materials,0.1024
psc,2013Q2,Real Estate,0.1935
psc,2013Q3,Consumer Discretionary,0.08929999999999999
psc,2013Q3,Consumer Staples,0.0191
psc,2013Q3,Healthcare,0.1605
psc,2013Q3,Industrials,0.34
psc,2013Q3,Materials,0.2611
psc,2013Q3,Real Estate,0.12990000000000002
psc,2013Q4,Consumer Discretionary,0.1066
psc,2013Q4,Consumer Staples,0.0073
psc,2013Q4,Healthcare,0.1721
psc,2013Q4,Industrials,0.3155
psc,2013Q4,Materials,0.2791
psc,2013Q4,Real Estate,0.1195
psc,2014Q1,Consumer Discretionary,0.1216
psc,2014Q1,Healthcare,0.1248
psc,2014Q1,Industrials,0.3081
psc,2014Q1,Materials,0.3677
psc,2014Q1,Real Estate,0.0743
psc,2014Q1,Unknown,0.0034000000000000002
psc,2014Q2,Consumer Discretionary,0.08289999999999999
psc,2014Q2,Healthcare,0.38789999999999997
psc,2014Q2,Industrials,0.2004
psc,2014Q2,Materials,0.28400000000000003
psc,2014Q2,Real Estate,0.0447
psc,2014Q3,Consumer Discretionary,0.0848
psc,2014Q3,Healthcare,0.39849999999999997
psc,2014Q3,Industrials,0.21539999999999998
psc,2014Q3,Materials,0.2614
psc,2014Q3,Real Estate,0.039900000000000005
psc,2014Q4,Consumer Discretionary,0.0925
psc,2014Q4,Healthcare,0.46449999999999997
psc,2014Q4,Industrials,0.1674
psc,2014Q4,Materials,0.24659999999999999
psc,2014Q4,Real Estate,0.028999999999999998
psc,2015Q1,Consumer Discretionary,0.0975
psc,2015Q1,Healthcare,0.38770000000000004
psc,2015Q1,Industrials,0.17010000000000003
psc,2015Q1,Materials,0.281
psc,2015Q1,Real Estate,0.0369
psc,2015Q1,Unknown,0.0268
psc,2015Q2,Consumer Discretionary,0.1005
psc,2015Q2,Healthcare,0.4391
psc,2015Q2,Industrials,0.15460000000000002
psc,2015Q2,Materials,0.2703
psc,2015Q2,Real Estate,0.0355
psc,2015Q3,Consumer Discretionary,0.09789999999999999
psc,2015Q3,Consumer Staples,0.13019999999999998
psc,2015Q3,Healthcare,0.3725
psc,2015Q3,Industrials,0.1435
psc,2015Q3,Materials,0.22669999999999998
psc,2015Q3,Real Estate,0.029300000000000003
psc,2015Q4,Consumer Discretionary,0.114
psc,2015Q4,Consumer Staples,0.1561
psc,2015Q4,Healthcare,0.2963
psc,2015Q4,Industrials,0.14279999999999998
psc,2015Q4,Materials,0.2586
psc,2015Q4,Real Estate,0.032400000000000005
psc,2016Q1,Consumer Discretionary,0.17170000000000002
psc,2016Q1,Consumer Staples,0.13790000000000002
psc,2016Q1,Healthcare,0.2735
psc,2016Q1,Industrials,0.2089
psc,2016Q1,Materials,0.16519999999999999
psc,2016Q1,Real Estate,0.042699999999999995
psc,2016Q2,Consumer Discretionary,0.2168
psc,2016Q2,Consumer Staples,0.1744
psc,2016Q2,Healthcare,0.1917
psc,2016Q2,Industrials,0.16870000000000002
psc,2016Q2,Materials,0.19419999999999998
psc,2016Q2,Real Estate,0.054299999999999994
psc,2016Q3,Consumer Discretionary,0.3658
psc,2016Q3,Consumer Staples,0.2589
psc,2016Q3,Healthcare,0.12399999999999999
psc,2016Q3,Materials,0.1758
psc,2016Q3,Real Estate,0.0755
psc,2016Q4,Consumer Discretionary,0.4995
psc,2016Q4,Consumer Staples,0.2259
psc,2016Q4,Healthcare,0.044500000000000005
psc,2016Q4,Materials,0.1612
psc,2016Q4,Real Estate,0.0688
psc,2017Q1,Consumer Discretionary,0.5814999999999999
psc,2017Q1,Consumer Staples,0.2081
psc,2017Q1,Materials,0.1402
psc,2017Q1,Real Estate,0.0702
psc,2017Q2,Consumer Discretionary,0.6065
psc,2017Q2,Consumer Staples,0.18230000000000002
psc,2017Q2,Materials,0.08529999999999999
psc,2017Q2,Real Estate,0.09609999999999999
psc,2017Q2,Technology,0.0298
psc,2017Q3,Consumer Discretionary,0.5045000000000001
psc,2017Q3,Consumer Staples,0.1107
psc,2017Q3,Materials,0.0882
psc,2017Q3,Real Estate,0.1085
psc,2017Q3,Technology,0.1881
psc,2017Q4,Consumer Discretionary,0.4815
psc,2017Q4,Consumer Staples,0.16949999999999998
psc,2017Q4,Materials,0.0683
psc,2017Q4,Real Estate,0.1052
psc,2017Q4,Technology,0.17559999999999998
psc,2018Q1,Consumer Discretionary,0.47919999999999996
psc,2018Q1,Consumer Staples,0.13949999999999999
psc,2018Q1,Industrials,0.0506
psc,2018Q1,Materials,0.0806
psc,2018Q1,Real Estate,0.0635
psc,2018Q1,Technology,0.1865
psc,2018Q2,Consumer Discretionary,0.5577000000000001
psc,2018Q2,Consumer Staples,0.11560000000000001
psc,2018Q2,Industrials,0.0978
psc,2018Q2,Materials,0.0808
psc,2018Q2,Real Estate,0.050300000000000004
psc,2018Q2,Technology,0.09759999999999999
psc,2018Q3,Consumer Discretionary,0.6029
psc,2018Q3,Industrials,0.1328
psc,2018Q3,Materials,0.0968
psc,2018Q3,Real Estate,0.0509
psc,2018Q3,Technology,0.1165
psc,2018Q4,Consumer Discretionary,0.7204
psc,2018Q4,Industrials,0.09970000000000001
psc,2018Q4,Materials,0.0701
psc,2018Q4,Real Estate,0.0202
psc,2018Q4,Technology,0.08960000000000001
psc,2019Q1,Consumer Discretionary,0.7729
psc,2019Q1,Industrials,0.1117
psc,2019Q1,Real Estate,0.0196
psc,2019Q1,Technology,0.0958
psc,2019Q2,Consumer Discretionary,0.767
psc,2019Q2,Financials,0.1116
psc,2019Q2,Real Estate,0.022099999999999998
psc,2019Q2,Technology,0.0993
psc,2019Q3,Consumer Discretionary,0.813
psc,2019Q3,Financials,0.12869999999999998
psc,2019Q3,Healthcare,0.0344
psc,2019Q3,Real Estate,0.0239
psc,2019Q4,Consumer Discretionary,0.7764
psc,2019Q4,Financials,0.1388
psc,2019Q4,Healthcare,0.042300000000000004
psc,2019Q4,Real Estate,0.0425
psc,2020Q1,Consumer Discretionary,0.6123999999999999
psc,2020Q1,Financials,0.1555
psc,2020Q1,Healthcare,0.1376
psc,2020Q1,Real Estate,0.09449999999999999
psc,2020Q2,Consumer Discretionary,0.7828999999999999
psc,2020Q2,Healthcare,0.1439
psc,2020Q2,Real Estate,0.0732
psc,2020Q3,Consumer Discretionary,0.7886
psc,2020Q3,Healthcare,0.1401
psc,2020Q3,Real Estate,0.0713
psc,2020Q4,Consumer Discretionary,0.7689999999999999
psc,2020Q4,Healthcare,0.1449
psc,2020Q4,Real Estate,0.0862
psc,2021Q1,Consumer Discretionary,0.7341
psc,2021Q1,Healthcare,0.1435
psc,2021Q1,Real Estate,0.1225
psc,2021Q2,Consumer Discretionary,0.716
psc,2021Q2,Healthcare,0.16140000000000002
psc,2021Q2,Real Estate,0.1226
psc,2021Q3,Consumer Discretionary,0.8735999999999999
psc,2021Q3,Real Estate,0.1264
psc,2021Q4,Consumer Discretionary,0.8526
psc,2021Q4,Industrials,0.018799999999999997
psc,2021Q4,Real Estate,0.1286
psc,2022Q1,Communication Services,0.1121
psc,2022Q1,Consumer Discretionary,0.7287
psc,2022Q1,Industrials,0.023399999999999997
psc,2022Q1,Real Estate,0.1358
psc,2022Q2,Consumer Discretionary,0.8482000000000001
psc,2022Q2,Industrials,0.0276
psc,2022Q2,Real Estate,0.1242
psc,2022Q3,Consumer Discretionary,0.7750999999999999
psc,2022Q3,Industrials,0.1291
psc,2022Q3,Real Estate,0.0958
psc,2022Q4,Consumer Discretionary,0.7323
psc,2022Q4,Industrials,0.1294
psc,2022Q4,Real Estate,0.1383
psc,2023Q1,Communication Services,0.1043
psc,2023Q1,Consumer Discretionary,0.6557000000000001
psc,2023Q1,Industrials,0.1148
psc,2023Q1,Real Estate,0.1252
psc,2023Q2,Communication Services,0.1291
psc,2023Q2,Consumer Discretionary,0.6373
psc,2023Q2,Industrials,0.1127
psc,2023Q2,Real Estate,0.1209
psc,2023Q3,Communication Services,0.17209999999999998
psc,2023Q3,Consumer Discretionary,0.6022
psc,2023Q3,Industrials,0.107
psc,2023Q3,Real Estate,0.11869999999999999
psc,2023Q4,Communication Services,0.18560000000000001
psc,2023Q4,Consumer Discretionary,0.5445
psc,2023Q4,Industrials,0.1148
psc,2023Q4,Real Estate,0.1551
psc,2024Q1,Communication Services,0.19379999999999997
psc,2024Q1,Consumer Discretionary,0.5554
psc,2024Q1,Industrials,0.12369999999999999
psc,2024Q1,Real Estate,0.1272
psc,2024Q2,Communication Services,0.2027
psc,2024Q2,Consumer Discretionary,0.5394
psc,2024Q2,Financials,0.0273
psc,2024Q2,Industrials,0.11320000000000001
psc,2024Q2,Real Estate,0.1174
psc,2024Q3,Communication Services,0.1489
psc,2024Q3,Consumer Discretionary,0.5002
psc,2024Q3,Financials,0.1348
psc,2024Q3,Industrials,0.0986
psc,2024Q3,Real Estate,0.11750000000000001
psc,2024Q4,Communication Services,0.17309999999999998
psc,2024Q4,Consumer Discretionary,0.4542
psc,2024Q4,Financials,0.1583
psc,2024Q4,Industrials,0.0887
psc,2024Q4,Real Estate,0.1256
psc,2025Q1,Communication Services,0.1403
psc,2025Q1,Consumer Discretionary,0.46140000000000003
psc,2025Q1,Financials,0.1801
psc,2025Q1,Industrials,0.09210000000000002
psc,2025Q1,Real Estate,0.12610000000000002
psc,2025Q2,Communication Services,0.1505
psc,2025Q2,Consumer Discretionary,0.557
psc,2025Q2,Financials,0.18539999999999998
psc,2025Q2,Industrials,0.0076
psc,2025Q2,Real Estate,0.09949999999999999
psc,2025Q3,Communication Services,0.1856
psc,2025Q3,Consumer Discretionary,0.5016
psc,2025Q3,Financials,0.19210000000000002
psc,2025Q3,Industrials,0.0070999999999999995
psc,2025Q3,Real Estate,0.11370000000000001
psc,2025Q4,Communication Services,0.252
psc,2025Q4,Consumer Discretionary,0.4583
psc,2025Q4,Financials,0.1815
psc,2025Q4,Industrials,0.005
psc,2025Q4,Real Estate,0.1033
psc,2026Q1,Communication Services,0.1182
psc,2026Q1,Consumer Discretionary,0.453
psc,2026Q1,Financials,0.17620000000000002
psc,2026Q1,Industrials,0.0051
psc,2026Q1,Real Estate,0.0949
psc,2026Q1,Technology,0.15259999999999999
psc,2026Q2,Communication Services,0.1405
psc,2026Q2,Consumer Discretionary,0.32830000000000004
psc,2026Q2,Financials,0.3015
psc,2026Q2,Industrials,0.0017000000000000001
psc,2026Q2,Real Estate,0.1092
psc,2026Q2,Technology,0.1189
tci,2015Q4,Communication Services,0.2722
tci,2015Q4,Financials,0.1055
tci,2015Q4,Unknown,0.6051
tci,2015Q4,Utilities,0.0171
tci,2016Q1,Communication Services,0.2684
tci,2016Q1,Financials,0.007599999999999999
tci,2016Q1,Unknown,0.7094
tci,2016Q1,Utilities,0.0146
tci,2016Q2,Communication Services,0.619
tci,2016Q2,Financials,0.0057
tci,2016Q2,Unknown,0.3641
tci,2016Q2,Utilities,0.011200000000000002
tci,2016Q3,Communication Services,0.5761000000000001
tci,2016Q3,Financials,0.005299999999999999
tci,2016Q3,Unknown,0.4147
tci,2016Q3,Utilities,0.0039000000000000003
tci,2016Q4,Communication Services,0.6442000000000001
tci,2016Q4,Financials,0.0048
tci,2016Q4,Unknown,0.35090000000000005
tci,2017Q1,Communication Services,0.6462000000000001
tci,2017Q1,Financials,0.011600000000000001
tci,2017Q1,Unknown,0.3422
tci,2017Q2,Communication Services,0.9723999999999999
tci,2017Q2,Financials,0.0218
tci,2017Q2,Industrials,0.0042
tci,2017Q2,Unknown,0.0015
tci,2017Q3,Communication Services,0.9660000000000001
tci,2017Q3,Financials,0.0229
tci,2017Q3,Industrials,0.009699999999999999
tci,2017Q3,Unknown,0.0014000000000000002
tci,2017Q4,Communication Services,0.923
tci,2017Q4,Financials,0.0216
tci,2017Q4,Industrials,0.011
tci,2017Q4,Technology,0.042800000000000005
tci,2017Q4,Unknown,0.0018
tci,2018Q1,Communication Services,0.8616
tci,2018Q1,Financials,0.0199
tci,2018Q1,Industrials,0.005900000000000001
tci,2018Q1,Technology,0.0701
tci,2018Q1,Unknown,0.042499999999999996
tci,2018Q2,Communication Services,0.8686
tci,2018Q2,Financials,0.0179
tci,2018Q2,Industrials,0.0494
tci,2018Q2,Technology,0.064
tci,2018Q3,Communication Services,0.7535
tci,2018Q3,Financials,0.0223
tci,2018Q3,Industrials,0.1417
tci,2018Q3,Technology,0.0791
tci,2018Q3,Utilities,0.0034000000000000002
tci,2018Q4,Communication Services,0.6672
tci,2018Q4,Financials,0.059300000000000005
tci,2018Q4,Industrials,0.1626
tci,2018Q4,Technology,0.1109
tci,2019Q1,Communication Services,0.4572
tci,2019Q1,Financials,0.09860000000000001
tci,2019Q1,Industrials,0.3043
tci,2019Q1,Technology,0.1348
tci,2019Q1,Unknown,0.0052
tci,2019Q2,Communication Services,0.4419
tci,2019Q2,Financials,0.096
tci,2019Q2,Healthcare,0.045899999999999996
tci,2019Q2,Industrials,0.2788
tci,2019Q2,Technology,0.11869999999999999
tci,2019Q2,Unknown,0.0187
tci,2019Q3,Communication Services,0.4811
tci,2019Q3,Financials,0.0998
tci,2019Q3,Healthcare,0.0508
tci,2019Q3,Industrials,0.2605
tci,2019Q3,Technology,0.0779
tci,2019Q3,Unknown,0.029900000000000003
tci,2019Q4,Communication Services,0.4395
tci,2019Q4,Financials,0.097
tci,2019Q4,Healthcare,0.0535
tci,2019Q4,Industrials,0.2505
tci,2019Q4,Technology,0.0755
tci,2019Q4,Unknown,0.0839
tci,2020Q1,Communication Services,0.42160000000000003
tci,2020Q1,Consumer Discretionary,0.0005
tci,2020Q1,Financials,0.154
tci,2020Q1,Healthcare,0.009300000000000001
tci,2020Q1,Industrials,0.23509999999999998
tci,2020Q1,Materials,0.0014000000000000002
tci,2020Q1,Technology,0.10490000000000001
tci,2020Q1,Unknown,0.073
tci,2020Q2,Communication Services,0.4135
tci,2020Q2,Consumer Discretionary,0.0006
tci,2020Q2,Financials,0.1928
tci,2020Q2,Industrials,0.256
tci,2020Q2,Real Estate,0.0119
tci,2020Q2,Technology,0.1168
tci,2020Q2,Unknown,0.0084
tci,2020Q3,Communication Services,0.4214
tci,2020Q3,Consumer Discretionary,0.0003
tci,2020Q3,Financials,0.1995
tci,2020Q3,Industrials,0.2438
tci,2020Q3,Real Estate,0.0269
tci,2020Q3,Technology,0.10800000000000001
tci,2020Q4,Communication Services,0.43119999999999997
tci,2020Q4,Consumer Discretionary,0.0003
tci,2020Q4,Financials,0.1888
tci,2020Q4,Industrials,0.24310000000000004
tci,2020Q4,Real Estate,0.0319
tci,2020Q4,Technology,0.1045
tci,2021Q1,Communication Services,0.398
tci,2021Q1,Financials,0.2033
tci,2021Q1,Industrials,0.2322
tci,2021Q1,Real Estate,0.025699999999999997
tci,2021Q1,Technology,0.14079999999999998
tci,2021Q2,Communication Services,0.40900000000000003
tci,2021Q2,Financials,0.2012
tci,2021Q2,Industrials,0.2177
tci,2021Q2,Real Estate,0.0336
tci,2021Q2,Technology,0.1384
tci,2021Q3,Communication Services,0.4097
tci,2021Q3,Financials,0.2118
tci,2021Q3,Industrials,0.2163
tci,2021Q3,Real Estate,0.038599999999999995
tci,2021Q3,Technology,0.11289999999999999
tci,2021Q3,Unknown,0.0108
tci,2021Q4,Communication Services,0.37629999999999997
tci,2021Q4,Financials,0.21009999999999998
tci,2021Q4,Industrials,0.2268
tci,2021Q4,Real Estate,0.037500000000000006
tci,2021Q4,Technology,0.1263
tci,2021Q4,Unknown,0.0229
tci,2022Q1,Communication Services,0.25429999999999997
tci,2022Q1,Financials,0.2626
tci,2022Q1,Industrials,0.29769999999999996
tci,2022Q1,Real Estate,0.0409
tci,2022Q1,Technology,0.1445
tci,2022Q2,Communication Services,0.2244
tci,2022Q2,Financials,0.28859999999999997
tci,2022Q2,Industrials,0.2895
tci,2022Q2,Real Estate,0.0297
tci,2022Q2,Technology,0.1678
tci,2022Q3,Communication Services,0.2298
tci,2022Q3,Financials,0.2878
tci,2022Q3,Industrials,0.3067
tci,2022Q3,Real Estate,0.0137
tci,2022Q3,Technology,0.162
tci,2022Q4,Communication Services,0.2088
tci,2022Q4,Financials,0.32699999999999996
tci,2022Q4,Healthcare,0.0012
tci,2022Q4,Industrials,0.2847
tci,2022Q4,Technology,0.1784
tci,2023Q1,Communication Services,0.08380000000000001
tci,2023Q1,Financials,0.3677
tci,2023Q1,Healthcare,0.0165
tci,2023Q1,Industrials,0.381
tci,2023Q1,Technology,0.151
tci,2023Q2,Communication Services,0.0665
tci,2023Q2,Financials,0.3453
tci,2023Q2,Healthcare,0.0492
tci,2023Q2,Industrials,0.4194
tci,2023Q2,Technology,0.1198
tci,2023Q3,Communication Services,0.081
tci,2023Q3,Financials,0.37929999999999997
tci,2023Q3,Healthcare,0.058600000000000006
tci,2023Q3,Industrials,0.48109999999999997
tci,2023Q4,Communication Services,0.0669
tci,2023Q4,Financials,0.363
tci,2023Q4,Healthcare,0.0464
tci,2023Q4,Industrials,0.4123
tci,2023Q4,Technology,0.1112
tci,2024Q1,Communication Services,0.0696
tci,2024Q1,Financials,0.33599999999999997
tci,2024Q1,Healthcare,0.0222
tci,2024Q1,Industrials,0.4605
tci,2024Q1,Technology,0.1117
tci,2024Q2,Communication Services,0.1027
tci,2024Q2,Financials,0.3573
tci,2024Q2,Industrials,0.425
tci,2024Q2,Technology,0.115
tci,2024Q3,Communication Services,0.087
tci,2024Q3,Financials,0.3698
tci,2024Q3,Industrials,0.426
tci,2024Q3,Technology,0.11720000000000001
tci,2024Q4,Communication Services,0.101
tci,2024Q4,Financials,0.3951
tci,2024Q4,Industrials,0.3649
tci,2024Q4,Technology,0.1391
tci,2025Q1,Communication Services,0.0645
tci,2025Q1,Financials,0.3971
tci,2025Q1,Industrials,0.3887
tci,2025Q1,Technology,0.1497
tci,2025Q2,Communication Services,0.056400000000000006
tci,2025Q2,Financials,0.3798
tci,2025Q2,Industrials,0.39149999999999996
tci,2025Q2,Technology,0.1723
tci,2025Q3,Communication Services,0.0351
tci,2025Q3,Financials,0.4054
tci,2025Q3,Industrials,0.3964
tci,2025Q3,Technology,0.1631
tci,2025Q4,Communication Services,0.0444
tci,2025Q4,Financials,0.4227
tci,2025Q4,Industrials,0.3815
tci,2025Q4,Technology,0.15130000000000002
tci,2026Q1,Communication Services,0.0718
tci,2026Q1,Financials,0.47450000000000003
tci,2026Q1,Industrials,0.4313
tci,2026Q1,Technology,0.022400000000000003
tci,2026Q2,Communication Services,0.08310000000000001
tci,2026Q2,Financials,0.43
tci,2026Q2,Industrials,0.45880000000000004
tci,2026Q2,Materials,0.0281
